電影名稱,評分,評論
超級瑪利歐銀河電影版,5.0,好好看，耀西可愛破表，背景音樂和電動畫面都很棒
超級瑪利歐銀河電影版,5.0,"首映當天沒什麼人，看杜比影廳。
畫面很美，劇情還不錯。
有一些別的電影梗（星際異攻隊）🦊
機器人🤖（動物方城市）🦥
各式各樣的關卡、遊戲元素👍
有玩過的人看好看滿～
彩蛋有兩個～
1.白色星星（第一集有出現喔😌）
2.黛西公主👸（字幕全部跑完）
這集耀西戲份很多😍😍可愛😻"
超級瑪利歐銀河電影版,5.0,"真的太好看了！非常適合帶小朋友一起觀賞
有趣刺激好玩"
超級瑪利歐銀河電影版,4.0,"第一集劇情比較好
第二集很多彩蛋
期待第三集"
超級瑪利歐銀河電影版,4.5,耀西🦖 好可愛
超級瑪利歐銀河電影版,5.0,"跟孩子第一次看瑪力歐電影
比想像中更好看👍"
超級瑪利歐銀河電影版,3.0,畫面華麗但劇情不是很好😓😓
超級瑪利歐銀河電影版,5.0,"好好看好可愛😻
期待第三集！"
超級瑪利歐銀河電影版,4.5,好看 喜歡任天堂的一定推薦
超級瑪利歐銀河電影版,5.0,意外加入了一些任天堂其他IP的角色，看到遊戲畫面融入滿滿的感動。
超級瑪利歐銀河電影版,4.0,願下一部不要太久
超級瑪利歐銀河電影版,5.0,"超越上一集
大推
出現很多遊戲上的景典橋段
音樂配樂也超棒"
超級瑪利歐銀河電影版,4.0,"續作加上我沒玩過銀河瑪利歐，整體新鮮感就不如第一集，是還行但比較喜歡第一集。
耀西很可愛，但感覺就只是為了讓他出場而出場..."
超級瑪利歐銀河電影版,4.5,劇情很亂，但特效滿分，爽就好了
超級瑪利歐銀河電影版,5.0,"小恐龍耀西很搶眼
看了都想養一隻"
超級瑪利歐銀河電影版,5.0,"好看，超強ip,每場都坐很多人
耀西有夠可愛"
超級瑪利歐銀河電影版,4.0,可愛~但劇情普通（對於大人而言）
超級瑪利歐銀河電影版,4.5,有可愛的耀西實在太棒了！但是電影院外主角們乘船的夢幻畫面並未出現在電影中
超級瑪利歐銀河電影版,5.0,好看 耀西意外的有點屁 哈哈
超級瑪利歐銀河電影版,5.0,好看好笑👍
超級瑪利歐銀河電影版,5.0,玩家覺得看得很爽，劇情真的不重要，看的是情懷
超級瑪利歐銀河電影版,5.0,將電影裡融入遊戲片段，讓玩家們彷彿回到遊戲之中的快感，可愛的角色讓人越看越喜歡。 影片傳遞正向積極的生活態度，讓觀影者除了看電影也有重新思考人生的生活態度
超級瑪利歐銀河電影版,5.0,太精彩了。。。可惜沒有賀喜剛
超級瑪利歐銀河電影版,5.0,真神做啊
超級瑪利歐銀河電影版,5.0,很好看，我覺得幾乎沒冷場，有明星大亂鬥的感覺，期待下一部，不知道會不會發展任天堂宇宙呢？
超級瑪利歐銀河電影版,5.0,"雖然沒看過!
有看預告片!
我也剛看完馬力歐大電影(線上有播過的)
但這個新作的劇情也很棒
預告中的小庫巴真的很可愛!❤️❤️❤️"
超級瑪利歐銀河電影版,5.0,超級瑪利歐銀河電影版！我特別喜歡粉紅色穿著裙子黛西公主👸👸👸👸👸！我看過第一集超級瑪利歐電影非常好看！非常的棒！非常的讚！非常適合大小朋友去看這部電影喔！我還沒有去看這部電影！我玩過超級瑪利歐賽車遊戲！這個遊戲特別好玩！我每一次都選擇黛西公主賽車遊戲都第一名喔！
超級瑪利歐銀河電影版,1.5,故事完整性不及格，跟第一集比起來差很多。
超級瑪利歐銀河電影版,5.0,"OMG!!(Oh My Gosh!!)😍🥰
今年2026年4月1日愚人節正式上映的最夯電玩拍成的Movie:🎦 （超級瑪利歐：銀河電影版）終於降臨哦！！🎊🎉🪩🌈😻🍀
非常開心可以看見家喻戶曉的瑪利歐、碧姬公主、路易吉、奇諾比奧還有叫人恨得牙癢癢的庫巴以及牠忠心耿耿的跟班卡美克哦！！🤗🤭
因為我有看完這部動畫的第1集，所以迫不及待可以過去欣賞第2集全面升級以後的畫面呢！！🙀🤑
當然可以看見有新成員加入，協助他們打趴庫巴的最強神隊友分別是超萌恐龍耀西和星之子奇可，酷似碧姬公主的羅潔塔公主還有蜂蜜女王、青蛙王瓦特、火狐狸克勞德哦！！🐳🦭
接下來是庫巴的寶貝兒子庫巴2世即將進入備戰狀態，親自救出庫巴以後很快就要風雲再起人心惶惶啊！！
最後就是放清明連假的時候來臨，你們有興趣的話可以過去欣賞從3D變成4DX版本，還有選擇欣賞IMAX版本就能夠親身體驗震撼效果蠻好哦！！♥️♥️♥️♥️♥️♥️💋💋💋💋💋💋"
超級瑪利歐銀河電影版,4.0,很好看，故事也很緊湊，結合電玩其實很可愛
狸想世界,5.0,影片後面有兩段彩蛋，最後一個要字幕全跑完才會出來，好多口碑場的人以為一個就離開了，記得ㄛ！
狸想世界,5.0,"沒有抱什麼預期心理去看，結果反而超可愛😍
到現在還是會不時想起可愛的河狸王🤣"
狸想世界,5.0,不知道是因為太久沒看皮克斯，還是現在的皮克斯已經大改路線了，我覺得這次的《狸想世界》題材蠻深的，也很值得省思。它不是只有可愛動物，裡面融入了很多社會議題，有些甚至要仔細觀察才會發現。原本我只是為了那隻迷因蜥蜴去看，但看完之後，留在心裡的已經不只有牠了，反而從故事中看見了很多讓人思考的事情。真的很推薦這部片，但要試著用不同角度去看，會發現比想像中更多的內容，而且會有很多意想不到的收穫。
狸想世界,4.5,看完真的太喜歡了🦫🦫🦫🪵🪵🪵❤️❤️❤️🥔
狸想世界,5.0,喜歡河狸王❤️很善良
狸想世界,4.5,超級可愛，好多笑點，也有讓我感人落淚的環節。真的好愛這種又可愛又好看又娛樂好笑又感人的電影。
狸想世界,4.0,前面以為就只是很中規中矩的動畫片 結果沒想到後面整個哭出來
狸想世界,5.0,好笑又感人，適合闔家觀賞，人類為了自身利益而破壞小動物們的棲息地，令人省思
狸想世界,5.0,"真的特好看！
口排場就去看了
今年如果要進電影院看一部，可以考慮這部！"
狸想世界,5.0,"喜歡這次的劇情💖
從頭到尾都精彩，沒有冷場。
任何物種都要和平共處、相互制衡。
片尾兩個彩蛋，一個要等全部字幕跑完～
可看可不看（ 螞蟻🐜幫阿公運送）
主角是女孩，但我覺得畫風跟配音很像男孩😝
整體給十分，適合全家觀賞👍👏"
狸想世界,5.0,"開心 又感人的劇情 很值得闔家觀賞。
角色們鮮明又可愛😻
🦫🐻🦎🪵❤️❤️❤️"
狸想世界,5.0,不錯看
狸想世界,5.0,超好看，我的最愛是阿廢
狸想世界,5.0,一開始只是被可愛吸引，但看到後來是令人省思的劇情，好看👍
狸想世界,4.5,"意外的不分年齡大家都適合去看
好笑可愛環境議題都表達得很清楚👍"
狸想世界,5.0,好看喔
狸想世界,5.0,很可愛，劇情也有趣，不過的確現在其他物種的生活空間都被人類佔領，值得深思
狸想世界,4.5,"本來覺得應該普通的動畫
沒想到好笑又感人
河狸🦫超可愛！"
狸想世界,5.0,👍👍👍
狸想世界,5.0,適合全家一起看的電影！超級好看又好笑！
狸想世界,4.5,"意識移轉這種事不是只有阿凡達，也不是只有人類可以移轉，連毛毛蟲也來参一腳。
但這不是重點，不要干預自然才說故事的主軸，擇善固執則是打破主軸的主軸。皮克斯動畫小孩的角度有他們想要的歡樂，成人的視角有另一番的弦外之音。很推"
狸想世界,5.0,畫得超級可愛😍
狸想世界,4.0,"那個陪伴我無數童年的皮克斯動畫工作室，曾在《料理鼠王》裡告訴我——「料理非難事，人人都有機會成為食神」；也在《Cars 3：閃電再起》裡提醒我——「不要畏懼失敗，你應該要擔心沒有機會嘗試」當我期待再次遇見那份童年的魔法時，這次的主角，卻變成了一隻河狸。
由丹尼爾·鍾執導的《狸想世界》，大膽地將類似《熊熊遇見你》的美式幽默，融入皮克斯一貫細膩又奇妙的敘事之中。
故事在動物與人類的視角之間來回穿梭，看似荒誕，卻在不知不覺中，讓我們與這個世界重新建立連結。
《狸想世界》在可愛與瘋狂的外表之下，其實講的是一個關於「理解與被理解」的溫柔故事。
如果你喜歡《熊熊遇見你》那種帶點ㄎㄧㄤ、卻又真誠的幽默，那你一定會愛上《狸想世界》裡，那份剛剛好的溫暖。"
狸想世界,5.0,Good
狸想世界,5.0,"老實說上個禮拜搶先口碑場，我有過去欣賞3D版本的Movie哦!🤭
這次決定2刷這部最新動畫Movie，最好笑的是喬治國王向梅寶抗議森林出現惱人噪音的時候，連同許多動物來模仿不同聲音的畫面真是笑死我了！😂
而且這次邀請傳奇奧斯卡金像獎影后梅莉史翠普，由她親自配音昆蟲女王展現霸氣十足真是Surprises Me!!🏆🪩🎊🎉🌈♥️💋
當然還有梅寶變成河狸，和阿廢還有蜥蜴湯姆拯救傑瑞市長免遭毒手，使用文字轉語音完整表達每句話真的蠻有趣哦！😍😍😍😍😍😍🥰🥰🥰🥰🥰🥰♥️♥️♥️♥️♥️♥️💋💋💋💋💋💋"
狸想世界,5.0,超好看！
狸想世界,5.0,以為是皮克斯療癒搞笑喜劇，結果我竟然還看到哭🤣
狸想世界,4.5,❤️🦫❤️
狸想世界,4.0,"整部電影都圍繞著「可愛」
真的會被河狸給萌暈～🦫❤️
突然其來的橋段會讓人腦洞大開
不過整體劇情稍嫌公式化
大部分發展都在預料之內
探討的議題重要但也不算新穎
中規中矩的故事靠著強大「萌力」加不少分"
狸想世界,5.0,超好看
李克寧 墓乃伊,5.0,"完勝所有厲陰宅系列電影
神鬼傳奇+大法師。此生必看！"
李克寧 墓乃伊,4.0,"完整的故事，蠻精彩的，父愛還是偉大，讓我想到惡靈古堡8村莊結局。
看到後面想說怎麼神父還沒出現🤣
可憐的奶奶，戲份好重。"
李克寧 墓乃伊,3.5,"恩...
這是！
鬼玩人穿越到木乃伊了
算是可看（但鬼玩人復活比較好看）雖然這部是木乃伊 這個導演拍出來的對我來說就是鬼玩木乃伊🫪"
李克寧 墓乃伊,3.5,"導演導的好，不過編劇還是荒謬，
女兒從石棺出來，都不會帶去教會請神父加持一下嗎？直接帶回家讓鬼在家亂跑
再來，為什麼全部的鬼片都不會開燈嗎,整個電影唯一燈光就是手電筒
警局跟家裡面都沒燈的嗎？"
李克寧 墓乃伊,5.0,"不錯
節奏不會太慢
畫面上處理的也很棒"
李克寧 墓乃伊,5.0,超讚👍 真不愧是溫子仁
李克寧 墓乃伊,5.0,"嚇到我不要不要
可是很好看
恐怖氛圍到回家了，晚上想到還會怕😑"
李克寧 墓乃伊,4.5,恐怖片看多了，大部份都覺得不恐怖.... 且有的恐怖片真的很爛很難看，但這部片有幾個片段會讓我覺得有點毛骨悚然....拍片的手法技術也很好，喜歡看恐怖片的人一定要看
李克寧 墓乃伊,5.0,"我被嚇到了🙂‍↕️不過我還是看完了😳
不得不說好看到不行…
奶奶..死掉是很好玩的事喔😅"
李克寧 墓乃伊,4.5,很好看，親情、恐怖、噁爛全部擁有！
李克寧 墓乃伊,4.5,看完的感想~會恐怖但不嚇人…是好痛😱
李克寧 墓乃伊,5.0,"太誇張了，這片已經從恐怖片直接升級成驚悚片。
不但無冷場，還非常噁心、直接把皮膚撕下、腸子露出，太扯。
看過幾十年的恐怖片，都沒這這麼恐怖，大力推"
李克寧 墓乃伊,5.0,阿嬤 真的可憐、看完都覺得好痛～結局 我喜歡❤️
李克寧 墓乃伊,4.5,有別一般的劇情，創造恐怖片新高度👍
李克寧 墓乃伊,4.5,"恐怖還不錯 但真的好痛
音樂也蠻嚇人的
故事很完整 但感覺不會有續集
大推"
李克寧 墓乃伊,4.5,很頂
李克寧 墓乃伊,4.5,這是我看過美國恐怖😱片劇情的舖陳和張力十足……越到後面越令人震驚😱值得一看！
李克寧 墓乃伊,5.0,其實沒有很恐怖，但劇情還不錯，看4DX很過癮
李克寧 墓乃伊,4.0,算有劇情有恐怖 真可惜最後被奶奶破防
李克寧 墓乃伊,5.0,近期看到最精彩的恐怖片，邪魅氛圍營造的很成功，讓人期待下一秒會要搞什麼更病態噁心的行為，希望後面留的伏筆會有續集👍李克寧:XXX😆
李克寧 墓乃伊,4.0,劇情不錯，沒有為了殺而殺亂死一通，氣氛慢慢堆疊鋪陳起來，逐漸釐清為何變成這樣？但也不算很沈重，蠻緊張，有血腥、有親情、有懸疑、有演技，整齣電影是完整的說完一個小人物家庭的故事以及掙扎
李克寧 墓乃伊,4.5,玩惡靈古堡一代到現在都沒在怕的，可不知為何⋯，這到後來⋯應該是撐到看錄影帶開始，我只能閉上眼睛，但聽音效、音樂仍感到驚悚。
李克寧 墓乃伊,5.0,"不愧是溫導
兩小時緊張無冷場
大法師+神鬼傳奇
外婆真的是很慘～
有續集的應該可以交代更多～
結局真的是以其人之道 還治其人之身"
李克寧 墓乃伊,4.5,"超好看欸 好刺激
果然是溫子仁的系列
這次恐怖的味道超棒
推薦敢看恐怖片的去看"
李克寧 墓乃伊,3.5,中規中矩！西方的鬼片、恐怖片大概等同個套路，大同小異，只是這個比較血腥這樣@
李克寧 墓乃伊,5.0,真不錯 難怪位置客滿～
李克寧 墓乃伊,5.0,"題材新穎,沒有冷場，好看"
李克寧 墓乃伊,5.0,恐怖好看很精彩
李克寧 墓乃伊,5.0,"大家都說好看
所以我給5星"
李克寧 墓乃伊,4.5,好好噁心但是很好，看又緊張
李克寧 墓乃伊,5.0,很好看
李克寧 墓乃伊,5.0,2026最好看驚悚片
李克寧 墓乃伊,5.0,好看，結局我喜歡👍
李克寧 墓乃伊,4.0,有氣氛，還可以
李克寧 墓乃伊,0.5,劇情空洞且人物行為明顯不合邏輯，角色動機也前後矛盾不明，特效雖然在線，可是用心鋪陳、懸疑感層層堆疊的故事線，卻斷崖式的崩壞，2026年給觀眾看這種電影，讓人失望透頂！
死亡之握：鬼牽手,5.0,一定要看到最後，會有驚喜🤓
死亡之握：鬼牽手,5.0,整部片流暢 細節很吸睛！不拖泥帶水 恐怖的也有在點上，是一部非常推薦大家去看的電影！！（要專注在細節文字！
死亡之握：鬼牽手,5.0,超刺激 也很驚嚇🙀 晚上睡覺會夢到有人牽著我的手🤪
死亡之握：鬼牽手,4.5,劇情反轉，讓人猜不到，很喜歡這種反轉。
死亡之握：鬼牽手,5.0,好看，恐怖，精彩
死亡之握：鬼牽手,5.0,"每一幕都精彩，無法錯過的爽鬼片！
真的不要隨便牽起手🤝"
死亡之握：鬼牽手,5.0,演員演的很好，且節奏快狠準，聲音配樂非常好，值得進戲院觀賞享受😎
死亡之握：鬼牽手,4.5,推薦！
死亡之握：鬼牽手,5.0,"好看！整體流暢
死法很特別
演員很不錯"
死亡之握：鬼牽手,4.5,好看
死亡之握：鬼牽手,5.0,喜歡恐怖片的人一定要進影院觀看！值得推薦的好看恐怖片！
死亡之握：鬼牽手,5.0,推，很有趣的題材及敘述方式
死亡之握：鬼牽手,1.5,小踩雷，不要相信短時間內集中發表的短評
死亡之握：鬼牽手,0.5,好無聊的片。看到睡飽飽玩手機。木乃伊。好看幾千倍。國片演這樣。傻眼
死亡之握：鬼牽手,0.5,影評人都說很差了。
極限返航,5.0,"很諷刺，對比擁有相同語言人類的自私蠻橫，另個星球不同語言的朋友卻能理解且義無反顧。
表面上的「自己人」，可能最疏離。看似「外來者」，卻是最真誠。"
極限返航,5.0,"Thumbs up 👎🏿👎🏿👎🏿, Rocky!"
極限返航,4.5,很好看，感人的橋段不少，友情不見得要有相同的語言
極限返航,4.5,Sandra 和大家告別唱 Sign of the Times的那幕超級感人，怎麼會這麼貼合情境。再來完全沒想到自己會被Ryan和石頭的故事逼哭好幾次😂 回家立刻下單小說～超級喜歡！
極限返航,5.0,"意外好看耶！！
洛基實在太可愛"
極限返航,5.0,科學的部份有點難吞，但看到後面那些都不重要了！本來想說只是部科幻片還是迷幻片，想不到竟然有洋蔥！去年最喜歡的友情冒險電影是喵的奇幻漂流，今年目前為止是這部！！除了友情的描繪，男主的角色成長也讓人感動！
極限返航,5.0,感動人心的情義是最讓人想一看再看的好戲，科幻情節不是重心劇情，地球人格雷斯跟外星人洛基不離不棄的羈絆為了守護對方寧願不顧自己的生命安危，才是導演要表達的核心
極限返航,4.5,"為了地球人和波江星人的真摯情誼而感動落淚
可愛聰明善良溫暖的外星人
值得被好好對待
也許~你始終在遲疑而原地踏步
也許~你曾經畏懼害怕接受挑戰
那麼 ...
請相信自己 為自己再勇敢一次
一切都會將變得強大而不同👍"
極限返航,4.5,配樂 劇情 美感 演技都非常出色
極限返航,5.0,科幻迷因該都會喜歡的電影，沒看過小説所以劇情有點超過我的預測，感動
極限返航,5.0,"超強科幻片～出乎意料超好看
開場到結束兩個半小時都精彩
完全不想去上廁所🚽
男主角演技超好👍與外星生物互動有趣
友誼情感超感動💖
穿插遺忘片段也描述的很剛好👏
推薦大家去看：）"
極限返航,5.0,今年必看，可以的話IMAX不會讓你失望。看到預告片就很吸引人了，整片有歡笑更有感動，推爆。
極限返航,5.0,好可愛的波江星人。
極限返航,3.5,沒有好看，也沒不好看，就莫名因為石頭寄居蟹的友誼感動到淚流滿面！
極限返航,4.5,讓我感覺意外的好看！進戲院看吧！
極限返航,5.0,科幻迷不可錯過，又有劇情。
極限返航,4.5,沒有似是而非艱澀難懂的隱晦寓意，多得是演員的演技，劇情簡單 畫面優美 情感豐沛 值得一看
極限返航,5.0,Good
極限返航,5.0,剛開始有點沉悶，越看越好看
極限返航,4.5,我不是星際迷，但是這部電影真的很好看！
極限返航,5.0,身為科幻迷看到很炫炮的太空船絕對是amaze!amaze!以輕鬆有趣的敘事貫穿全片，雖然少了很多原著的科學知識但仍舊瑕不掩瑜、各有優點🪨👎🏽喜歡以光影與反射呈現出情感溫度的攝影手法、在星際中漫遊也是美到難以言喻👏總結一句，這絕對是值得進電影院看的好作品！！
極限返航,5.0,就愛看這種整體氛圍陽光正面的科幻片，每一幀畫面都被好好打磨。他有沒有超遠《星際效應》可以暫且不論，但肯定比原著小說作者自己的《絕地救援》好很多
極限返航,5.0,"看過小說才看電影，即使早知道劇情，對畫面的呈現還是感覺驚艷
電影精簡掉不少燒腦的科學原理和演算過程，比小說緊湊許多..."
極限返航,5.0,電影隱喻極多，情節感人，參雜許多科幻，非常好看
極限返航,4.5,"我原本真沒想到自己會哭的
但看到洛基為了救葛雷斯
連自己的命都不顧 那邊我狂掉淚
真的好看 推薦大家去看"
極限返航,4.5,"前半段有點無聊
艱澀我看不懂，快睡著
中後段很好看
我覺得比陽光女子好哭（落淚）😂
可能會再刷4DX
體驗一下太空人的感覺"
極限返航,5.0,深受原著小說感動，電影高度還原情感連結，令人動容。
極限返航,4.5,"可惡，此部居然有洋蔥啊
這邊真的很讚"
極限返航,4.5,非常好看
極限返航,4.5,好看 中間那段釣魚🎣的場景&配樂有星際效應的影子～主角是單純善良好心地球人
抓馬戀人,3.5,"結過婚或是結完婚的人可能會覺得沒有什麼大不了的事情～但是認真想想以美國的成長大熔爐的背景，女主角的坦白的確是會讓人有所退卻的原因
不過看完之後每個人心裡的評價不一，真正有病的應該是男主角，強迫症及潔癖視角，不錯看～但不會到真的必看，不過可以約約會對象看完後討論，應該會找到跟自己價值觀碰撞或是相符合的對象🤣"
抓馬戀人,4.5,"其實感情就是很多看不懂的小事
戲劇化後變成很嚴重的大事😅
最重要的事情 電影有拍出來
很可愛 心裡也很感動
是很不錯的小品❤️"
抓馬戀人,2.5,"以片中的衝突背景
台灣人可能會比較無感
或者認為女主角的事，哪有這麼嚴重
而個人認為真正有問題的
是男主朋友的老婆問題才最大"
抓馬戀人,5.0,超級好看！A24！最後看哭了，感情裡有一模一樣的體會。
抓馬戀人,5.0,好看死
抓馬戀人,5.0,抓馬戀人！男主角特別帥氣！女主角特別漂亮美麗！我覺得演的不錯！我覺得這部電影演得非常讚非常棒！非常適合男朋友帶女朋友去看這部電影喔！我特別喜歡看愛情電影喔！👍👍👍👍👍！這部愛情電影我看得懂！最後我沒有哭喔！我覺得這部愛情電影非常感恩很浪漫的電影喔！我特別喜歡看這部電影！
抓馬戀人,4.0,"在這邊就不劇透了，我只能說本來無一物何處惹塵埃
其實男配跟女主是正常的
是男主和女配才是不正常的
覺得其實電影也誇張化了
現實生活人不會為了一二十年前沒發生事情這麼糾結"
抓馬戀人,4.5,可以去看！後續發酵還可以
劇場版 銀河特急 Milky☆Subway,5.0,聲優陣容超讚~
劇場版 銀河特急 Milky☆Subway,5.0,超喜歡!! 不到一小時但劇情很精采完整，內山昂輝這次又配音帥角色XD 但看完被千春圈粉，超可愛!
劇場版 銀河特急 Milky☆Subway,5.0,👍
劇場版 銀河特急 Milky☆Subway,5.0,"剪接節奏跟配音、配樂都超讚, 我願意再進一次電影院"
劇場版 銀河特急 Milky☆Subway,4.5,推
劇場版 銀河特急 Milky☆Subway,5.0,完成度很高，帶著復古的調調
劇場版 銀河特急 Milky☆Subway,5.0,讚
劇場版 銀河特急 Milky☆Subway,5.0,相當特別
劇場版 銀河特急 Milky☆Subway,5.0,對社會勞動的衷心盼望：「平平安安勞動，超時又有便當。」
劇場版 銀河特急 Milky☆Subway,5.0,發現寶藏動畫🤩
劇場版 銀河特急 Milky☆Subway,5.0,推薦
劇場版 銀河特急 Milky☆Subway,5.0,超酷的
劇場版 銀河特急 Milky☆Subway,5.0,😄
劇場版 銀河特急 Milky☆Subway,4.5,很特別又復古感的作品，酷👍🏻
劇場版 銀河特急 Milky☆Subway,2.5,平平無聊
No Good！歐吉桑,5.0,"本來看影評不多沒有很期待
結果又哭又笑的～很有土味～
主題曲也很好聽耶💖🎵後面很感人🥲
支持國片💯👏👍推薦大家去看！！"
No Good！歐吉桑,5.0,不好不壞，支持一下國片，主題曲蠻好聽的～
No Good！歐吉桑,5.0,搞笑影片，看完感覺珍惜當下，做任何事情不用在乎年紀，做就對了
No Good！歐吉桑,4.0,好笑又帶點哭戲 推推👍
No Good！歐吉桑,4.0,"出乎意外的好看！
前面比較沉悶
中間開始好看
後面感人"
No Good！歐吉桑,5.0,好笑
No Good！歐吉桑,2.0,"劇情銜接的很奇怪
預告片跟跑宣傳的訪談都比電影本人精彩
導演編劇都要再加油"
No Good！歐吉桑,4.5,"劇情輕鬆不落俗套，是比預期好看很多很多的國片。
有笑點和哭點，值得推薦"
No Good！歐吉桑,5.0,有台味喔！
No Good！歐吉桑,2.5,"下午有去看
我覺得不好笑 也沒有什麼劇情"
海街日記,5.0,經典之作!
海街日記,5.0,經典必看，看一次被療癒一次:D
海街日記,4.5,好看
海街日記,5.0,"看完之後心裡有種暖暖的感覺, 不愧是療癒之作"
海街日記,5.0,經典👍
海街日記,5.0,真的好喜歡 想再去鎌倉了
海街日記,5.0,讚
海街日記,5.0,非常感人的日系電影，細膩刻畫劇情
海街日記,4.5,很喜愛是枝裕和拍出來的色調風格和作品，刻畫很細膩🥹
海街日記,5.0,經典
海街日記,5.0,很喜歡。
海街日記,5.0,為什麼大家都不會老⋯⋯
海街日記,5.0,經典好看
海街日記,5.0,😂
劇場版「暗殺教室」: 我們的時光,4.0,"如果是第一次看這部片，算是蠻推薦的
想體驗暗殺教室的日常可以看這部歐
那有看過暗殺教室1、2本傳會更有感覺"
劇場版「暗殺教室」: 我們的時光,3.5,沒看過的人去看，真的不推薦，最後音樂好聽，彩蛋精彩
劇場版「暗殺教室」: 我們的時光,5.0,超好看的日常片段
陽光女子合唱團,5.0,"《陽光女子合唱團》是一部故事結構其實不複雜、甚至可以說走向相當好猜的電影，但真正坐在戲院看完整場後，會發現它的感人之處，從來不是靠情節反轉，而是來自情緒堆疊的節奏與真誠。
整部電影看起來非常順，幾乎沒有讓人出戲的地方。音樂的運用尤其出色，穿插得自然又好聽，不是那種刻意拉情緒的配樂，而是和角色狀態緊緊貼合，讓情感慢慢累積上來。看到後面真的會忍不住希望有機會推出原聲帶，單純為了再聽一次那些旋律。整體觀影感受是笑中帶淚，但不沉重，是很溫柔的那種感動。
故事的主軸其實很清楚，是圍繞在小女孩與媽媽之間的關係展開。電影並沒有急著把情緒說滿，而是用一種很節制的方式，慢慢描寫她們之間的牽掛與成長。同時，也透過這條主線，自然地帶出其他獄友們各自的人生片段。這些角色的故事篇幅都不長，但不流於陪襯，每一段都剛剛好，為整個故事增加了厚度。正因為主線穩定、支線節制，這些零碎的小故事在串在一起時，反而讓整部電影更完整、更有層次。
演員的表現也是這部電影很大的亮點，每個人的情緒都拿捏得非常剛好，不會過度用力，也不會顯得冷淡。導演的敘事方式同樣值得稱讚，完全不會讓人有「在逼你哭」的感覺，而是讓情感自然流動。"
陽光女子合唱團,5.0,"不敢相信！沒想到2026剛開始，就看到一部電影，能「讓自己不知不覺流淚⋯」（以下評論分享，單純個人主觀看法）🤣
這半年來強片不斷，就「故事性」面向來說，如果《阿凡達3》7.5分，《動物方程式2》8分，《泥娃娃》8.5分，《鬼滅之刃猗窩座再襲》9分，那麼這部改編韓國電影，由翁倩玉、孫淑媚、陳意涵⋯等人主演的《陽光女子合唱團》，分數要給到更高了。
關於電影海報和片名，主觀上，有些提不起太大的興趣，但某人想看，加上題材貼近生活，再加上看到好評不斷，聽說是關於笑淚交織的故事⋯
好吧！😑
心中預設，知道有笑點，就雙手環胸想「我就看你怎麼讓我笑！」知道有哭點，就雙手叉腰想「我就看你怎麼讓我哭！」，但是大家，你相信我！
這部國片電影，竟然都做到了！！！
故事中，各個風格迥異的女性角色們，從劍拔弩張、張牙舞爪，到互相捍衛、惺惺相惜，女子監獄裡讓我們看到每一位女性對「愛」的不得已與義無反顧，尤其翁倩玉這國寶級演員的演出，就像《孤味》裡的陳淑芳，演出充滿著滿滿的渲染力⋯
最後A Lin的獻聲，更是畫龍點睛，就像台語天后黃乙玲那首《人生的歌》，娓娓訴說著人生。
「我們，都是有故事的人⋯」"
陽光女子合唱團,5.0,進去看之前，先確認有帶足夠的衛生紙
陽光女子合唱團,5.0,上次看電影流眼淚剛好是比悲傷更悲傷的事，導遊很厲害，我平常其實沒血沒淚的，哈哈，兩部電影騙了我兩次眼淚
陽光女子合唱團,5.0,超級好看，好笑，好感人，每個人都演的很好
陽光女子合唱團,5.0,"我認為是一部充滿母愛的電影，比預期好看很多 (真的要帶衛生紙)。
母親對孩子的愛、母親願意為孩子犧牲以及再重新遇見自己的孩子，
甚至是出獄後大家都默默關心著小女孩，這幾個情節哭到不行。
非常推薦大家去電影院看(捧場)"
陽光女子合唱團,5.0,"真的好看感人
本以為是喜劇片，後來跟老婆一起感動到哭⋯
歌很好聽。值得一看"
陽光女子合唱團,5.0,好幾個地方都讓我流淚，尤其是奶奶、女兒的地方，不會想睡
陽光女子合唱團,5.0,"整部電影太多細節了 導演很用心
真的是一部台灣驕傲的
好值得一看的電影🍿
電影好感動🥹
主題曲好好聽😍"
陽光女子合唱團,5.0,"電影院進場門口就提供衛生紙未看先笑 抽了一張
上映了三週 竟然還能爆滿加場
比悲傷更悲傷電影 更觸動人心
看到陳意涵 Alin 真的回憶殺 導演很會
翁倩玉 孫淑媚真的驚艷 阿嬤演的細膩 阿霈沒認出來
不透劇 這部是我看過散場最久的電影
等到影廳開燈了才紛紛離場"
陽光女子合唱團,5.0,需要衛生紙🧻
陽光女子合唱團,5.0,"原本想說真的有這麼誇張嗎
中間就眼淚失速😭
細節讓人淚崩"
陽光女子合唱團,5.0,第一次來留言，因為真的大推👍適合家裡衛生紙太多用不完的….帶著來看這部電影吧。
陽光女子合唱團,5.0,非常好看！故事節奏流暢、哭點笑點的掌握恰到好處，目前唯一讓我從頭哭到尾，哭到隔壁陌生阿姨給我遞紙巾🧻
陽光女子合唱團,4.5,"推薦值得一看的電影👍
認真的講好一個故事
逺比什麼動作特效、什麼CG動畫強太多了
不是特效動畫不重要
而是好的劇本才是打動人心的根本
本作就是這樣能打動人心的好電影
推薦大家可以到影院觀看
相信你們也會被感動的"
陽光女子合唱團,5.0,也許是因為已婚，也許是因為有自己的小孩，對於觀賞這部電影特別特別入戲，這部電影是由《比悲傷更悲傷的故事》導演林孝謙與編劇呂安弦改編自韓國電影《美麗的聲音》，劇情安排的很寫實且動人，看著由陳意涵演出入監女子，服刑期間還要照顧剛出生的女兒，還得跟其他受刑人一起同住一間，這生活壓力實在無法想像，看到為母則強、一切都是為了孩子，媽媽再捨不得都得捨得的一面，讓我真的很感動，看到劇情裡的每一位受刑人服刑的故事，這社會上，充斥著許多你無法想像的故事，一邊看電影，一把鼻涕一把眼淚的，真的很好看，非常推薦大家一定要進場觀影❤️
陽光女子合唱團,5.0,"有笑有淚的一部電影，台版改編超好的！每個演員的演技表演帶入感很強烈，帶領觀眾一起走進了他們劇中的人生，劇情其實也反映了現實世界中，許多人所經歷的人生遭遇，像我就會想到已經去當天使的媽媽😭真的哭到啜泣發抖……非常催淚！電影的兩首主題曲A-Lin〈幸福在歌唱〉洪佩瑜〈再見的時候〉都非常好聽超級感動～
（二刷甚至哭更慘因為看懂細節太揪心🤧有空再三刷！）
「人生無常，把握當下，珍惜相處的時光，不留遺憾。
一期一會，下輩子有沒有緣份再見面，無人知曉。」"
陽光女子合唱團,5.0,真的是很棒的作品 情感很真實 會想要二刷
陽光女子合唱團,4.0,好像韓國電影美麗的聲音
陽光女子合唱團,3.5,翁倩玉直接最佳女主角
陽光女子合唱團,5.0,"老中青演員把整部電影詮釋的很好
到感人的畫面真的會默默流下淚來
建議淚腺發達的可以多準備衛生紙"
陽光女子合唱團,5.0,"我是I人，雖然知道看這部會哭很慘，所以劃位選擇坐到電影院邊邊角角了，結果還是整場客滿，害我只能一直偷偷拭淚，而且坐我旁邊的情侶哭得更誇張！這電影可以二刷三刷～還是會哭。
我決定在電影院門口賣面紙，這樣生意應該會很好😆"
陽光女子合唱團,4.5,何曼希的演出真讓人驚豔
陽光女子合唱團,4.5,"準備好手帕！衛生紙不夠用～
超推薦大家去看～
連看電影會睡著的媽媽都看到結束～真的很推！"
陽光女子合唱團,5.0,"哭了四次，整場啜泣聲此起彼落🥲
最後的轉折真的太妙了❤️❤️哭慘！
裡面所有角色都好喜歡😍完美國片💯"
陽光女子合唱團,5.0,票房破億👍👍👍👍👍
陽光女子合唱團,5.0,超好看的
陽光女子合唱團,0.5,號稱 中國電影。就滾去對岸，根本不想支持這種狗屁電影
陽光女子合唱團,5.0,現在的社會 就是要看大愛的電影 好療癒啊！真好看。
陽光女子合唱團,5.0,不哭都難眼淚不知覺的掉下來 比原著還好看
高雄有顆藍寶石,4.5,遠比想像中好看，而且雖然是紀錄片，但是不管是故事鋪排或紀錄的部分，真的都非常流暢精彩。我看完的那一場，直到最後播完歌曲，觀眾還意猶未盡，久久不能自己。不管有沒有經歷秀場時代，都大大大推薦。
高雄有顆藍寶石,5.0,"很好看 描述那個年代最輝煌的藍寶石
值得觀看 結尾很感動"
弒婚遊戲：2度開局,3.5,"覺得第一集比較新鮮有趣，第二集的反派感覺有點雷聲大雨點小...
不過同樣惡趣味打殺片，個人覺得整體表現比他們要殺你好些！"
弒婚遊戲：2度開局,4.0,劇情流暢度不錯，夠狗血，值得一看。
弒婚遊戲：2度開局,2.5,還是第一集比較好看
弒婚遊戲：2度開局,4.5,好看，節奏很快
弒婚遊戲：2度開局,5.0,好看
弒婚遊戲：2度開局,5.0,很好看 結局非常帥
弒婚遊戲：2度開局,5.0,我覺得還不錯看，比起精彩度當然第一集比較精彩，不過第二集的內容也滿不錯的
弒婚遊戲：2度開局,4.5,追殺遊戲。殺好。殺滿
弒婚遊戲：2度開局,4.5,我本來預期第二集會無法超越，甚至加入妹妹會拖累女主的俐落感，但結果整體看起來還是很精彩，一樣有刺激、血腥、出乎意料，是值得推薦，好看的爽片🤩🤩
弒婚遊戲：2度開局,5.0,爽片
弒婚遊戲：2度開局,4.0,"感覺還能有後續 不錯看
只是血腥程度我覺得第一集比較重"
弒婚遊戲：2度開局,5.0,超越第一集，更精彩，更刺激。
弒婚遊戲：2度開局,5.0,好看～反殺過程再拉長會更過癮！
弒婚遊戲：2度開局,4.5,比第一集好看
弒婚遊戲：2度開局,5.0,爽片
弒婚遊戲：2度開局,4.5,覺得好看！沒有冷場！殺好殺滿。血腥到味
弒婚遊戲：2度開局,3.5,還行，但沒什麼爆點，看完就忘了
弒婚遊戲：2度開局,4.0,可以去看看！但我覺得普通啦，雖然有姐妹情深的議題
弒婚遊戲：2度開局,5.0,很精彩好看 女主角那一雙靈動的藍眼睛很有戲
弒婚遊戲：2度開局,2.0,不推👎
如月車站2,5.0,出第二集了，有朋友說看起來是結束了，也有人說會再出第三集(￣∇￣)～
如月車站2,5.0,都市傳說的恐怖電影，非常好看，推薦
如月車站2,5.0,看完後很期待會不會再有第三集?
如月車站2,5.0,如月車站2延續日本都市傳說的詭譎氣氛，成功放大前作的異界不安感。電影在熟悉的鐵路場景中加入更多未知威脅，營造出壓迫又黏膩的恐懼氛圍。雖然敘事仍偏直線，但角色的心理變化與實體拍攝帶來的真實感，讓整體沉浸度提升，是一部粉絲向但誠意十足的續作。
如月車站2,4.5,可怕😱
如月車站2,5.0,看完三天不敢去車站。
如月車站2,5.0,讚
如月車站2,4.5,重口味，試試!
如月車站2,0.5,"天殺的爛片
評價用洗的嗎"
如月車站2,5.0,延續上一集的詭譎氛圍 故事終於結束了!
如月車站2,5.0,🤙🤙🤙
如月車站2,5.0,這部延續了都市傳說的詭異感，雖然預算感還是很重，但反轉跟結局的設計很有誠意，比起第一集更有驚喜，驚悚味也更濃！
如月車站2,5.0,值得一看
如月車站2,5.0,讚👍
如月車站2,5.0,👍
如月車站2,5.0,👍👍👍
如月車站2,4.5,👏
如月車站2,5.0,沒想到前一集的故事還能這樣延伸！非常精彩的續集。
如月車站2,5.0,😨👍
如月車站2,5.0,😄
如月車站2,5.0,最後一幕太毛骨悚然👍
如月車站2,0.5,這評價到底真的假的，第一集難看到嚇到
如月車站2,5.0,好看的電影。女主角明日香真的是一個狠人，最後一次獻祭三千人。如果真的有出第三集，她有可能成為下一個魔王。
如月車站2,5.0,還算不錯，有頭有尾
如月車站2,5.0,"100分
沒有看過第一集的可以上網看五分鐘電影介紹"
如月車站2,5.0,我也想問，會不會出第三集
雙囍,5.0,男主角唱歌瞬間我哭了，感受到他小時候的創傷與夾在父母之間的委屈
雙囍,5.0,看似兩場王不見王的婚禮，反而促成男主角與內在小孩的和解！透過籌備婚禮的過程，回憶過去成長片段，一邊安慰渴望被愛被看見的童年，一邊尋回失落的靈魂碎片！很觸動人心！因為女主角堅定不移的支持陪伴，讓他終於勇敢做自己！真愛的力量最大！
雙囍,5.0,單親家庭小孩成人後結婚，想討好父親方跟母親方及其矛盾，實為單親家庭大人省思的一部好片。
雙囍,5.0,"這是一部給離婚夾在中間的小孩，一封情書
長大後不一定傷口都會好，也不一定能討好所有人，甚至最重要的父母，但是要記得，無論怎樣都要選擇讓自己開開心心、幸幸福福的方式😍"
雙囍,5.0,寫實到極致的華人家庭婚禮紀錄大全，不愧是孤味導演最新作品，每一幕都雋永，國片群戲的典範，全員超級自然不做作，劉冠廷明年肯定囍贏金馬影帝！
雙囍,4.5,"自我成長的電影
有男人的苦
女人的支持
大人的任性與小孩的成熟
分離不是小孩的錯
但往往小孩最苦"
雙囍,5.0,認真的推推推，看完電影彷彿也跟著經歷一場婚禮，新人很登對，女主角好美，中間很多對話，都藏了滿滿的愛，喜歡緊湊好笑帶有感人，讓我好幾回不自覺的淚水在眼框打轉。
雙囍,5.0,真的好看，不管是老牌圓圓或新生代演員，都很會演，完全沒有尷尬的橋段，完全可以體會演員當下的心境，跟站在他的立場，慶幸最後的結局非常圓滿
雙囍,4.5,"值得推薦的好片～本來以爲要進影院笑笑，結果哭比笑還多，因為感受太真實，為新郎好辛酸！
身處社會高層的父母太傳統又太強勢～明明結婚是孩子們自己的生活，非要給親友們看自己的教育有多成功，實在太自私沒為孩子們著想！"
雙囍,3.5,"支持原創，發生在一天的婚禮，繁瑣的傳統婚禮習俗，單親孩子的兩難，那對父母根本不愛孩子吧！扮演空姐的吉岡里帆和新娘余香凝好漂亮，好多台灣資深演員參與演出
有點好笑，有點好哭，在難過也要好好吃飯喔"
雙囍,5.0,"每個爸媽都在用自己的方式愛小孩，原生家庭影響下成長的孩子有著各種酸甜苦辣。
單親尤其更辛苦～
女主角的情商很高，女主與爸爸之間的尊重和愛讓我最是感動🥲
演員陣容堅強、值得二刷❤️"
雙囍,4.0,"在兩場婚禮中沒有屬於自己的moment，庭生為了兩邊討好也連累自己甚至親家都連累，
從小沒有真正的家的他，在兩邊家庭之間跑跳
，光是這一點感觸很深，這部蠻不錯看的！"
雙囍,5.0,確實不錯看，演出夾心餅乾的心酸，女主角是很漂亮，但覺得9m88人更正也演的好，女主爸爸也是歡樂亮點。
雙囍,5.0,👍🏽，是療癒片
雙囍,5.0,人生不應該是去討好！而是要自己過的開心快樂，人生是自己的，不應該被長輩左右而感到難為，雙親家庭、單親家庭，抑或重組家庭，都應該聽聽小孩想要什麼，不是安排小孩該怎樣，當然父母都希望小孩能夠成龍成鳳，又有幾個小孩能夠成龍成鳳呢？真的成龍成鳳了，成為父母的驕傲，是小孩心甘情願開心得來的成就嗎？！
雙囍,5.0,"好久沒看電影了，衝著劉冠廷去的～
果然沒讓人失望，滿有內容跟故事的一部電影"
雙囍,5.0,好看
雙囍,4.5,非常值得進影廳觀看
雙囍,4.5,一個簡單的劇情，但拍攝的非常有人味，影片節奏也很好真的沒有冷場，藉由辦喜酒這個議題將華人社會所有面向一同討論卻又調理分明，不會淪為大鍋炒，好幾幕非常觸動人心👍👍👍
雙囍,5.0,"導演許承傑執導的片子就是好！
田啟文劉冠廷余香凝💯"
雙囍,3.5,以為是喜劇賀歲片 結果不是哈哈哈
雙囍,5.0,劇本很不錯；有哭點也有笑點，很適合春節～女主角美、田啟文也演得很感人、吉岡里帆更是神來一筆！今天剛好看到了演員謝票場，蔡凡熙本人很帥！
雙囍,5.0,喜宴部分非常好看，男主角夾在離婚爸媽之間，左右為難
雙囍,5.0,"我看到了我自己。
我小時候跟故事敘述的快幾乎一樣，夾在兩邊與其說是痛苦，更多的是無助、悲傷跟被拋下的感覺，謝謝電影讓我跟男主角一樣跟內在小孩進行對話跟和解。"
雙囍,5.0,"真的很好看！
1月、2月唯二有驚喜的好電影：日租家庭、
雙囍💯"
雙囍,5.0,超級好
雙囍,5.0,劇情緊湊，劇情內容貼近臺灣人繁複的婚禮過程，勾起許多回憶及配樂跟演員都沒話說！
雙囍,4.5,"劇情很簡單的一部電影，
但...導演太會拍、演員太會演
所以不會讓觀眾打瞌睡..."
雙囍,4.5,雖然片名叫雙囍，但可稱不上是喜劇，甚至有點抑鬱，不過劇情還不錯，喜歡劉冠廷的話更值得一看！
雙囍,5.0,今天看了，覺得不錯，會介紹周遭朋友去電影院看這部
夏日大作戰(全新4K修復版),5.0,經典不滅
夏日大作戰(全新4K修復版),5.0,這部真的是經典，沒有看過的人一定要看，看過的人也一定要再看一次。
夏日大作戰(全新4K修復版),5.0,雖是17年前的動畫電影，但真的還是很好看，特別在大螢幕上，絕對不要錯過！
夏日大作戰(全新4K修復版),5.0,經典就是經典! 看幾次都超愛😍
夏日大作戰(全新4K修復版),5.0,最喜歡的細田守作品！從劇情到作畫風格都超流暢，好喜歡每個角色😍
夏日大作戰(全新4K修復版),5.0,推薦
夏日大作戰(全新4K修復版),5.0,太經典一定要在大螢幕看
夏日大作戰(全新4K修復版),5.0,經典中的經典 不能錯過!
夏日大作戰(全新4K修復版),5.0,雖然是 2009 年的作品，但放在現代看依然不過時。整大家子齊心協力的羈絆真的超感人，最後打花牌大賽那段熱血到起雞皮疙瘩。看完心頭暖暖的，是每年夏天都想回味的經典！
夏日大作戰(全新4K修復版),5.0,值得一看
夏日大作戰(全新4K修復版),5.0,能夠在大銀幕上重溫這部片真的是太棒了！
夏日大作戰(全新4K修復版),5.0,讚
夏日大作戰(全新4K修復版),5.0,比預期的好看精彩
夏日大作戰(全新4K修復版),5.0,很棒的電影，令我聯想到一件事。似乎人們很容易因為家人永遠都在，就忘了要找時間對家人好、要多關心家人。
夏日大作戰(全新4K修復版),5.0,😄
夏日大作戰(全新4K修復版),5.0,"當年就是因為這部電影才開始追細田守的作品, 4K重映看虛擬世界那段就是讚!"
夏日大作戰(全新4K修復版),5.0,最經典的作品👍
夏日大作戰(全新4K修復版),5.0,👍👍👍
夏日大作戰(全新4K修復版),5.0,👍
夏日大作戰(全新4K修復版),5.0,傑作！在西門町的800座超大廳看真是太爽了！
夏日大作戰(全新4K修復版),4.5,真的是很喜歡
星與月是天上的洞,4.0,"週五下午休假到戲院去看首映
上班時間現場有七位觀眾
其實我當初看了片名
因看不出這是什麼怪片名
且又是日本片
決定先選其他新片來看
但實在找不到適合的
最終還是衝著影評寫道：
它是最成功的原著改編
所以就還是進戲院去瞧瞧👀
但說實話
主要的男女主角演技沒話說
純粹個人認為：
日片的慢節奏。還是覺得吃不消
所以扣一顆星星🌟"
咒死你,2.5,普通加上莫名其妙的結局，是令人想不到@但我覺得格局還是太小
捕風追影,5.0,我其實已經線上看完這部了，但因為真的太好看，所以台灣之前宣布準備要上映的時候我整個超級興奮，一定要去電影院看的啦🤩
捕風追影,5.0,非常好看的電影，其中也看得出，對岸的影視傳承，台灣該檢討為什麼那麼多年，我們還是只出名89系列的流氓電影！
捕風追影,5.0,"超級好看，成龍這次培養新人、又加上AI元素、心機鬥智、真的沒任何冷場。
反派，影子男主角的演技超棒。"
捕風追影,5.0,超级好看
捕風追影,4.5,"非常好看！ 大推！
看到成龍和梁家輝ㄧ把年紀了還搏命演出，有夠精彩！ 然後此沙超帥的！"
捕風追影,5.0,非常推！之前在線上已經兩刷了 知道台灣會上映後馬上去三刷 後面有時間還打算四刷 真的超級好看 內容很有趣 超級推薦看！
捕風追影,5.0,"反派角色是這部戲的亮點 養子團打戲真材實料
梁家輝 文俊輝 帥氣"
捕風追影,5.0,和女友去電影看完後，覺得成龍和梁家輝2位頭兒的氣場和實打實的動作交鋒真的很過癮，再搭上現今的AI辨識分析技術，一整個看下來真的過癮！
捕風追影,4.0,還的是成龍大哥 小時候真的喜歡的演的電影😂😂
捕風追影,5.0,果然，成龍加入的電影真的不錯看！有加入AI與特效
捕風追影,5.0,真的很好看 沒冷場
捕風追影,5.0,"無冷場,動作場面依然精彩"
捕風追影,5.0,這好看
捕風追影,4.5,好看，沒冷場。
捕風追影,5.0,"真的很推！！
老演員和新生代演員對打動作精彩"
捕風追影,5.0,"一起期待能在台上映
終於得償所願
真的非常好看
大推大推！！！"
捕風追影,5.0,打戲超多超好看，兩大主演成龍跟梁家輝氣場超強大
捕風追影,4.5,好看沒冷場
捕風追影,4.5,"我覺得超好看的！
劇情很緊湊 刺激，有留下伏筆
值得一看"
捕風追影,5.0,這好看，可看
捕風追影,5.0,節奏緊湊 劇情很棒 沒有冷場
捕風追影,5.0,為了影帝梁家輝～趕緊衝戲院～就是讚啦👍
捕風追影,5.0,超好看
捕風追影,4.5,"梁家輝跟成龍兩大影帝同台飆戲
完全值得去影廳細細品嚐
只可惜粵語的場次太少了"
捕風追影,5.0,很好看
捕風追影,4.5,今天去威秀看捕風捉影，本來以為都很少人看結果幾乎滿的，這部應該算是近期最好看的中國電影，劇情流暢、緊湊幾乎沒冷場，但場次真的太少！
捕風追影,5.0,"太好看了
只是百思不解
為什麼場次這麼少"
捕風追影,5.0,是警匪片最好看的，期待續集！
捕風追影,5.0,不錯看
捕風追影,5.0,"無冷場，二刷👍🏻👍🏻👍🏻
此生必看"
魅影巨星,0.5,一言難盡 看不懂
魅影巨星,5.0,"為了A24與ANNE HEATHAWAY，於4月20日下班後衝去看，雙女主角的對手戲，演技細膩與情緒張力爆發相當精彩，劇情懸疑、疑似恐怖故事，但看到後來才發現「鬼魂」是一種象徵與隱喻，暗示兩人相愛的羈絆、兩人曾經的回憶、彼此由愛生恨的不甘心、渴望彼此的陪伴與依戀，種種情感化做牽絆彼此的「鬼魂」，最後雙方坦誠相待化解由愛生恨之心牆、心魔，而各自綻放與展現真實自我的美好，不再是對彼此懷著恨意，而是衷心祝福、鼓舞彼此
A24又製作了一部驚喜卻饒富詩意的好看電影，看得很開心，而且ANNE獻唱的每一首歌曲真的很好聽，歌曲歌詞與劇情發展相契合、引人入勝"
蠱降,5.0,比想像的好看很多，蠻有警世感的，Kao Kao不是只有臉蛋，演技非常好。
蠱降,5.0,Kao超級婆...全神貫注在他身上
蠱降,5.0,非常好看的泰國恐怖電影，推薦一下
蠱降,5.0,糕好可愛😍有幾個橋段真的蠻可怕的
蠱降,5.0,多國聯合創作，讚！
蠱降,5.0,👍
蠱降,5.0,好久沒有看到有以前港產片風格的降頭題材電影了
蠱降,0.5,沒什麼內容的片子，邪降比較好看
蠱降,0.5,劇情不憂….
蠱降,4.0,"可以看，但我覺得就中規中矩。
沒有到很噁心、就一般善惡理念的宣導片"
蠱降,4.5,好看。恐怖。片子在長點更棒
蠱降,5.0,下蠱真的可怕
蠱降,5.0,這部真的重口味！整部片充滿獵奇的降頭儀式和噁心的蠱蟲特效，視覺衝擊力超強。雖然劇情邏輯稍微硬傷，但那種陰森、邪門的氛圍營造得很到位，看完真的會對東南亞傳說產生陰影，喜歡獵奇恐怖片的人必看！
蠱降,5.0,可怕😱
蠱降,5.0,👍👍👍
蠱降,5.0,值得一看
蠱降,5.0,還不錯的東南亞降頭片，推薦！
蠱降,5.0,👍
蠱降,5.0,讚
蠱降,5.0,表情帝無誤。
蠱降,5.0,😄
蠱降,5.0,讚!
蠱降,4.0,打到最後，變成漫威奇異博士？有沒有搞錯？
最後一槍,5.0,《最後一槍》以殺手世界為背景，結合動作場面與人情掙扎，節奏穩定、敘事清楚。角色之間的立場衝突為故事增添層次，其中配角表現相當搶眼，讓整體觀感更為平衡，是一部完成度不低的商業作品。
最後一槍,5.0,聽説朋友說還不錯看喔！來衝一波(´･ω･`)～
最後一槍,5.0,泰式殺手故事!
最後一槍,5.0,泰國版角頭，推薦
最後一槍,5.0,朋友說:泰式動作片有看頭
最後一槍,5.0,第一次看泰式動作片!好看!!
最後一槍,5.0,好看！
最後一槍,5.0,喜歡《角頭》系列電影的一定會喜歡。
最後一槍,5.0,恐怖又帶有神秘感的職業，令人不自覺感到好奇。
最後一槍,5.0,泰式89
最後一槍,5.0,好看👍
最後一槍,5.0,值得一看
最後一槍,5.0,這部電影不只是爽快的動作片，更像「泰國版角頭」。男二的演技超吸睛，情緒爆發力強到差點壓過主角，沉重又耐看！
最後一槍,5.0,讚👍
最後一槍,5.0,👍
最後一槍,5.0,👍👍👍
最後一槍,0.5,"很久沒看到這麼難看的片了
劇情無聊沒邏輯/畫面不好看/演技拙劣
完全一部被留言騙到去看的片，泰國還是拍鬼片就好了"
最後一槍,3.0,我覺得格局不夠大，感覺就小打小鬧，不過結局蠻現實，蠻意外也滿不意外的@
最後一槍,4.5,還不錯
最後一槍,5.0,讚
最後一槍,5.0,😄
最後一槍,5.0,很刺激👍
A KITE 風箏,5.0,可以在電影院看到梅津泰臣真的非常感動🥹
邦尼殺死他,3.5,"前面偏色系飽滿呈現和現實與幻想
要到後面才比較好看！😂
比較屬於電影女巫們那種美式奇幻~~"
邦尼殺死他,4.0,後段很精彩，有點無厘頭
邦尼殺死他,2.0,"奇幻，但前面對話太多
有催眠效果"
邦尼殺死他,3.0,"爽度有，然後麥叔的做人技巧還是一流的
但劇情方面有點落差"
邦尼殺死他,4.5,非常好看 劇情新穎 拍攝手法跟畫面的藝術風格都很強烈好看
邦尼殺死他,0.5,爛片
心機特務,5.0,溫馨感人，細膩描寫每一個心動時分！小女孩活潑自然深得我心🥳
心機特務,5.0,打發時間 劇情滿好笑的也不無聊
哈姆奈特,4.5,潔西伯克利的演出很棒，對丈夫的喜愛，不解到諒解很感人
哈姆奈特,5.0,"這部電影光是預告片就已經令人感動，女主角、男主角、孩子哈姆奈特，這3位演員都為角色帶來具有爆發力且精彩的演技。
還有電影的配樂太美了，沒有台詞的片段，只有演員的表演+配樂，整個電影氛圍超好哭。
原來莎士比亞寫的著名悲劇 哈姆雷特 是為了紀念兒子。這不只是一個悲傷的故事，也是一個令人感動的故事。
第一次看到這麼好看、好哭、又感動的文藝劇情片。
Jessie Buckley獲得多項最佳女主角獎，真的是實至名歸。"
哈姆奈特,4.0,"看完全片覺得
演得最棒的是男主角：
戲中飾演歷史上最偉大的劇作家威廉·莎士比亞的愛爾蘭男星保羅麥斯卡（Paul Mescal）
他和女主角的互動讓人動容
是一部很有深度的電影喔🎬"
港口天光,5.0,非常好看的電影，值得看
港口天光,5.0,感人肺腑！🥹🥹🥹
重擊人生,3.5,大多數競賽電影習慣告訴你贏是什麼感覺，但重擊人生卻不如此，選了一個冷門的角度，關於面對失敗的心境以及現實，雖然娛樂性不高，不過卻很寫實。
重擊人生,1.5,導演真的不知道在拍什麼，運鏡搞的好像是什麼美國肥皂劇，一下手持拍攝一下又回到電影機位，搞不懂發生什麼事了
重擊人生,1.5,"我就問，哪有人下巴縫針不用剃鬍子的
還有，主角也太自私自利了一點⋯⋯"
重擊人生,5.0,"好看，寫實感十足
巨石強森演的角色恰如其分，真真假假已經分不出來"
重擊人生,5.0,讚。好看。
重擊人生,2.5,本來想說是不是因為對這項體育競技賽事沒熱誠，所以好像沒很喜歡，今天看了絕地反擊，感覺應該是說故事的功力問題，一樣對拳擊沒興趣，但絕地反擊好看很多，有被帶起情緒，但重擊人生覺得有點流水帳，所謂的重擊沒有讓我感覺很強烈，只能說看到巨石強森演了有別於往的角色就是。
重擊人生,0.5,想睡覺，會覺得坐不住
重擊人生,2.0,平鋪直敘，沒有轉折，沒有爆點，可惜了好演員，看到差點睡著
重擊人生,5.0,很好看 Rock演的很棒 大勝 「冠軍之路」
重擊人生,4.5,"給強森4.5分
劇情沒有絕地反擊席德尼史威尼那麼先明
ㄧ樣都是運動真實改編
但普普的劇情….讓我看了想睡"
泰殺歌后戰,5.0,"真的沒像到會這麼好看，大概前半小時稍無理頭，之後都蠻好看好笑的,演員間的搞笑、角色內心衝突...歌聲根本天籟~"
泰殺歌后戰,3.5,雖然也是嬉鬧，但比中國功夫好看多了，主角們唱歌都好聽，雖然有些離譜，是今年過年最像賀歲片的電影了
泰殺歌后戰,4.5,看預告覺得還好，看完之後，沒想到那麼好笑，難怪能排上農曆檔期
泰殺歌后戰,5.0,音樂好聽舞蹈動人，散場時，坐後面的小孩問媽媽⋯這麼好看為什麼人這麼少？好音樂餘音繚繞推薦給大家
猩瘋血雨,0.5,"沒看過⋯這麼爛⋯這麼爛⋯這麼爛⋯的一部戲⋯導演編劇簡直把民眾當傻瓜⋯
不小心腳踩到了電視遙控器發出聲音，也不會把電視關閉⋯居然跑到衣櫥躲起來⋯傻眼🙄
有了圓敲當武器⋯敲了猩猩的頭⋯居然把武器丟了往外跑⋯傻眼🙄
妳的猩猩⋯妳自己都說已經是不一樣的猩猩了，朋友快被打爆了，居然也不會找個武器攻擊猩猩⋯還在那邊大叫⋯傻眼🙄
朋友拿了手機跑出游泳池⋯不管當下是如何⋯女主角居然也沒有任何動作⋯畫面回到游泳池，居然趴著在睡覺⋯⋯傻眼🙄
終於回到自己的房間裡了，也遇到猩猩的攻擊⋯也反擊了⋯有時間當下應該往外跑⋯居然躲到床底下⋯傻眼🙄
眼看著爸爸快被打爆了，兩姐妹居然no no no⋯也不會找個武器攻擊猩猩傻眼🙄
總之，太多太多⋯
真的很後悔花錢看了這部很爛的片子⋯導演把觀眾當笨蛋⋯白癡嗎⋯⋯
一切都沒有合理邏輯⋯
真是一部大爛片⋯⋯爛到爆⋯"
猩瘋血雨,4.5,有夠血腥
猩瘋血雨,5.0,喜歡恐怖片的首選👍🏽
猩瘋血雨,4.0,還不錯
猩瘋血雨,5.0,好看。猩猩瘋狂殺人。血腥。爆力
猩瘋血雨,5.0,好看！就是個殺人爽片
猩瘋血雨,4.0,還好而已 但殺的滿血猩的
猩瘋血雨,5.0,真的很好看！
猩瘋血雨,4.0,不錯
猩瘋血雨,2.0,單純爽片 不花大腦 所以不用看了還要買個不開心🤣 建議不用電影院看。
猩瘋血雨,5.0,就爽片.需要認真思考嗎？
猩瘋血雨,0.5,爛片一部，浪費我的錢
深度安靜,5.0,"值得推薦
用「深度安靜」的心 去理解劇中演員/導演要傳遞的故事
很多無法表達或透露的心事 即使記憶已剩片段
但～
哪一天或 一個點 一句話 會引爆的 也會使人失控"
深度安靜,2.5,我覺得不好看
深度安靜,3.0,拍攝背景太過凸顯恐懼。林依晨的表達深刻，
深度安靜,5.0,我•沒•電•了
深度安靜,5.0,一部值得安靜品味的電影。導演有在訪談中提到，林依晨並非自殺，所以整部片看完到回家後都還在細細品味這件事，是一部看完餘韻綿長的電影。
深度安靜,3.5,🇹🇼
深度安靜,1.5,這3分是給張孝全的。看得很痛苦，什麼都不說，什麼都壓抑，讓人無所適從。
深度安靜,1.0,深度緩慢，深度催眠
深度安靜,0.5,電影內容跟片名無違和感
叫我驅魔男神,1.0,"在上映的當天（12/31）下午
特別請假到戲院去捧場
現場有近10位觀眾
但這部片
我看了1小時
就再也看不下去
除了很亂和很瞎的劇情
也不知道這樣的片
想要表達什麼理念
真的很後悔請假看片"
叫我驅魔男神,3.0,"感覺這類題材國片好像不太適合走喜劇路線，跟第九分局一樣，讓我期待又讓我失望...
不知為何有種尬感，尤其是高捷好像不太適合這風格，只有懷秋沒那麼尬..."
叫我驅魔男神,2.5,"普通，缺少了電影的那種質感
可惜了印度演員"
叫我驅魔男神,0.5,片頭開始到第10分鐘就已經知道完蛋了，雷爆蝦片
叫我驅魔男神,0.5,無言
叫我驅魔男神,0.5,到底在幹嘛
叫我驅魔男神,4.0,還不錯
叫我驅魔男神,3.5,不錯
叫我驅魔男神,3.5,不錯
叫我驅魔男神,4.0,"還不錯看
但我笑不出來
可能笑點太高
中途還睡著了"
叫我驅魔男神,3.5,很棒
28年毀滅倒數：人骨聖殿,2.5,沒有第一集來得精彩，內容平實，詮釋角色無特別突出之處，下一集參孫應該也是關鍵角色 成為感染者回復正常的指標希望
28年毀滅倒數：人骨聖殿,0.5,看到睡著
28年毀滅倒數：人骨聖殿,0.5,妳妹的大爛片
28年毀滅倒數：人骨聖殿,0.5,"還是最以前的毀滅倒數28天好看。
這部根本大爛片….."
28年毀滅倒數：人骨聖殿,5.0,"瘋老頭醫生，瘋的很有智慧
那段666搖滾很燃"
28年毀滅倒數：人骨聖殿,0.5,吉米，太爛了
28年毀滅倒數：人骨聖殿,0.5,"爛片
第一集就被雷到
還推第二集騙錢
這次根本不想看"
28年毀滅倒數：人骨聖殿,0.5,沒頭、沒尾、沒前、沒後，內容與標題不符，看完還會頭暈，今年最爛片
28年毀滅倒數：人骨聖殿,3.5,沒上部好
28年毀滅倒數：人骨聖殿,4.5,不錯看喔
28年毀滅倒數：人骨聖殿,5.0,🤩好看 每個演員都好專業 大勝 「冠軍之路」
28年毀滅倒數：人骨聖殿,0.5,超級大爛片，還我262元
28年毀滅倒數：人骨聖殿,0.5,爛成一坨屎的爛片，他媽超爛
28年毀滅倒數：人骨聖殿,3.5,"不知道是不是期待值拉很低，雖然這集殭屍戲份少很多，但我覺得比首部曲好看一點，尤其尾端讓我想看第三部曲收尾。
不過部份橋段有點變態噁心，要斟酌...,"
28年毀滅倒數：人骨聖殿,5.0,比第一集還有劇情 會期待最後一集
28年毀滅倒數：人骨聖殿,3.0,"還可以
延續上一集
沒到很好看
但也不難看"
28年毀滅倒數：人骨聖殿,4.0,"我一二集都看了，比較喜歡第一集。
劇情內容台灣觀眾接受程度低，反而國外評價高"
28年毀滅倒數：人骨聖殿,4.5,比上一集好看多了
邪降：覺醒,5.0,"復仇的血腥程度超標⋯
降頭的法力超邪門的！好看很爽ㄉ片🔥"
邪降：覺醒,4.5,滿噁，好看
邪降：覺醒,4.0,邪降5(【邪降：覺醒】；Panor 2)比邪降4(【邪降女帝】；黑煞女)的表現更好多了，包含有意義的劇情、豐富的法術、主角表演極好。
邪降：覺醒,5.0,推給喜歡噁心畫面和大開殺戒的人🥹
邪降：覺醒,4.5,昨天才去看超好看的，爽度破表
邪降：覺醒,3.5,女主角演得很好，其他人的演技會一直讓人出戲……不得不說，邪降還是初代潘老師那系列最經典啊～現在太多特效，又做得不好，明顯很假
邪降：覺醒,4.5,好噁 但是還不錯看
邪降：覺醒,5.0,好看爆！恐怖又血腥，降頭獵殺超爽
邪降：覺醒,5.0,恐怖。殺到爆。受不了。太好看。。粉猛。快來看別等了
邪降：覺醒,5.0,超噁心超可怕的，所有人都會下降頭也是蠻厲害的👍
邪降：覺醒,2.0,"浪費時間 浪費錢去看吐昆蟲🐛 推薦去浪費時間
結局無法接受"
自殺通告,4.0,票房好像不太好，不過我覺得好看！看完說不出話，有後勁，也讓我紅了眼眶！有些鋪陳爲了戲劇張力與效果，可能誇張了些。故事整體還算流暢，但，好想知道除了升學，有沒有暗喻什麼呢？
自殺通告,1.0,"誤導專注力不足過動症的安全用藥
搞得好像過動症的藥是毒品一樣"
自殺通告,1.0,素人演員表現不佳，節奏也有問題
自殺通告,3.0,黃秋生也老了
自殺通告,5.0,還可以
自殺通告,4.5,電影從教育體制的成績比較，延伸至社會體制框架之議題。無論你是誰、處於什麼身份地位，都非常推薦進戲院去觀賞，這部電影能讓人有許多不同視角的思考與探討。
自殺通告,5.0,影片開場氣勢很強；題材乍看很像日本或韓國片，但其實有走出自己的風格。雖然討論的是教育體制，但放在社會體制思考也很有意思。很推薦的片！
自殺通告,4.0,沉重的議題，值得社會省思。劇情還行，有點致鬱。
自殺通告,4.0,單一的評核，不擇手段達到目的是否就是唯一選擇，人的多樣性是否就不能容於社會，我們有什麼選擇？電影很流暢緊湊，一直牽著情緒，很有共鳴。
自殺通告,4.0,"裡面內容值得人深思：
人活著的意義是什麼？"
自殺通告,5.0,其實蠻好看的，雖然可能跟真實情況有點落差，但故事裡面角色都呈現出自己的掙扎，都是這個體制下的受害者與加害者，可惜場次跟聲量太少了，是值得看的電影
自殺通告,5.0,Taiwan can help🤣🤣🤣🤣🤣🤣🤣🤣🤣
自殺通告,5.0,Taiwan can help🤣🤣🤣🤣🤣🤣🤣🤣🤣
尋秦記,5.0,"25年的等待～
像歲月沉澱的陳年老酒，一入口便知後勁十足。
還記得當年第一次看到《尋秦記》，
時間穿越 × 歷史 × 科幻 的結合，真的是前所未有，
一集接一集完食，回味無窮。
沒想到一隔就是 25年，
竟然迎來一部 延伸＋收尾 的電影版。
那種情感後勁，完全不輸《灌籃高手》電影版
將「山王工業之戰」具象化時帶來的震撼。
雖然劇情走向中規中矩，
但原班人馬全數回歸的誠意，
已經註定——
這是一份獻給《尋秦記》粉絲
累積25年等待的最佳獻禮。
該有的 動作場面、特效、經典元素 一點都沒少，
更重要的是——
25年的歲月歷練，完整刻畫在每一個角色身上。
（尤其是那個 霸氣外露的秦王，真的讓人起雞皮疙瘩。）
而最後的收尾，
竟然還拋出了 多重宇宙 × 不同抉擇 的可能性，
完全滿足各種層次觀眾的想像。
總之，
這不只是一場穿越回秦朝的觀影體驗，
更像是一面鏡子，
在電影推進的同時，
也悄悄檢視了 自己這25年走過的點點滴滴。
直到最後那個延伸收尾落下，
心中的悸動，久久不散。
#尋秦記
#尋秦記電影版
#25年的等待
#原班人馬
#時間穿越
#歷史科幻
#多重宇宙
#情懷滿滿
#歲月的後勁"
尋秦記,5.0,"香港去年底發生憾事，社會氣氛自肅低迷。此片沒有延後、照計劃時間上映，本很擔心票房。但昨天看完覺得此時上映太好了。
又見到了小時候那個打諢插科、有生命力的香港。返回香港的主題，一定為現在的港人，帶來很大凝聚力。
雖然小時候沒看過尋秦記、對劇集本身的懷舊感不高。但感覺得出來在電影院的旁人好像很感動。自己看完，想起小時候港片統治華人世界的年代，會又開始想學廣東話～（上次看完九龍城寨有買書想自學，這次看完尋秦記就認真來把書打開吧！）
香港這幾年辛苦，電影投資也早已不像過去是門賺錢生意。看到古天樂竭力東奔西走、宣傳讓人看見香港電影，出錢出力，很為他的心意感動。願天下所有為社會付出的人，都會有好的結果。身為遠在台灣的電影支持者，能做的就是進電影院多刷幾次支持！
有些東西雖然破碎了，但見到還是會想到本人。近年雖然香港不如意、破碎的東西也無法強求再圓。但祝福從此開出一個新的世代，迎來港片2.0的年代！"
尋秦記,5.0,"25年，香港從稱霸華人娛樂圈由極盛而衰，我們身邊的人不再討論港劇、港樂，轉而透過網路聲援港人的訴求來支持。
而「尋秦記」，成為我們最美好的共同見證。時間縱然繼續在走，片中20年科技大進、夾雜許多異想天開，就像演員陪著我們經歷這麼多的生命經驗，天命讓我們永遠繼續在理想與現實中搏鬥。但有些東西，是永遠帶不走的，不論是堅持的價值觀，抑或無法扭轉歷史的遺憾；它成為鄉愁，在我們的心底，載浮載沉。
感謝古天樂，他真是項少龍，站在政治局面、商業利益的鋼索上，披荊斬棘、突破萬難，把一切不可能化為可能，香港的都市傳說終於不再傳説，而成傳奇。
《以下有劇透，慎入》
⬇️
🔽
🔽
🔽
🔽
林峯經過20多年飾演嬴政的演技，真是令人過癮。
令我哭到無法自己的的一幕是陶總管，從尋秦記的第一集忠心耿耿的他就出現，到他中彈氣絕最後吐的話也是「無法再照顧大小姐」。太多腦補矯情的我，總會想到像是跟上一世代的繁華香港告別般，令人不捨，對未來憂心忡忡，卻無力回天。
Ps 我實在太感謝是苗僑偉來演這個反派角色！還好不是台灣人太熟悉的港星、或是太陌生的港星。苗僑偉很帥！眼神也很棒。"
尋秦記,5.0,"真的好看！
看到陪著自己一起長大的演員們精彩演出～就是讚啦👍
劇中有位演員廖啟智雖然已往生，以前在港劇港片都常到他敬業演出～向您致意🙏🏻🌻👍"
尋秦記,3.5,雖然就劇情來說，沒看過電視劇集也是可以看，只是能記得越多角色當然看起來越有感，尤其是聽到主題曲一下，雞皮疙瘩！劇情本身覺得普通，就是個穿越劇動作片，以為會走歡樂向，但沒想像中歡樂，最後收尾又試圖讓它很歡樂，喜不喜歡就見人見智了！
尋秦記,5.0,"這次很用心，好看。
絕不是賣情懷，是全新劇情。"
尋秦記,5.0,"25 年的等待，值得進戲院支持
《尋秦記》當年以
穿越 × 歷史 × 科幻
一集接一集，直接追到停不下來。
沒想到一隔就是 25 年，
如今電影版不只延伸世界，
更替這段傳奇正式畫下句點。
原班人馬全數回歸，誠意滿點，
主題曲一響，青春瞬間全數回來，
動作、特效、經典元素一次到位。
這不是情懷消費，
而是獻給等了 25 年粉絲的——
最熱血回禮。"
尋秦記,5.0,"看的不只是一部電影
看的更是青春與回憶
支持！😄😄😄"
尋秦記,5.0,25年了，原班人馬誠意滿滿的回歸，也補完當初草草收尾的結局
尋秦記,5.0,"今天陪老公去看電影，本身沒看過電視版的尋秦記，還是可以看的。
有感人的劇情還有精彩的動作打戲，霸氣的秦王令人印象深刻，電影毫無冷場，看完很感動，值得推薦。"
尋秦記,5.0,好看，全家到場支持，我叫我媽回去補一下🤣
尋秦記,4.0,我沒看過電視劇，所以沒有什麼情懷。覺得這片頭、美術設計非常復古。就穿越劇來說劇情、故事性而言普普通通。
尋秦記,4.5,超好看，全程無冷場，小時候跟全家人看港劇的回憶都湧上來了，這部電影好不容易才可以上映，希望票房大賣
尋秦記,5.0,只能告訴大家！這部電影一定要買票進戲院看👍超屌👍
尋秦記,5.0,看完了好看到沒去上廁所。快來看吧
尋秦記,5.0,好看！隔了25年，還可以原班人馬真的不容易
尋秦記,5.0,"為了 天命最高💕來的
20年
電視劇不曉得追幾次了
看得是年輕回憶
終於盼到 電影版
古天樂❤️"
尋秦記,4.5,"剛看完，真的覺得好看
為了不落拍，上周把劇集版的拼完
電影真的很用心，還拍出兩版結局，也幾乎將演員都找回來了，真心推薦一定要去電影院看
有好笑的，也有讓人感動的"
尋秦記,5.0,"主題曲一播出來就是滿滿的感動，喜歡師徒對手戲，林峯演技張力十足。項少龍跟主要角色的默契滿分。
有感動的情懷也有笑點，會想再去戲院二刷。"
尋秦記,4.5,"有哭有笑，真的讓人回憶感，
IQ 博士，不對，烏博士從頭到尾一直瞪大眼的1號表情實在蠻讓我出戲。
師父一直把你當兒子看，這一段讓我淚奔"
尋秦記,5.0,好看
尋秦記,4.5,滿滿的回憶❤️
尋秦記,5.0,節奏很快，劇情延續當年電視劇，好看
尋秦記,5.0,"看過電視劇完整版，第一次看過時空穿越過去的歷史電視劇情，25年後再來看就是滿滿的感動，可以看到原班人馬再度上演，加上主題曲，延續緊湊的劇情，真的讓人意猶未盡，謝謝尋秦記給我滿滿的回憶
#尋秦記真的好看
#原班人馬真的超棒"
尋秦記,5.0,項少龍和嬴政那段令我很感動
尋秦記,5.0,好看好笑感人👍
尋秦記,5.0,好看
尋秦記,5.0,"好笑，好看，好帥。
科技感十足
劇情也很緊湊👍
值得一看"
尋秦記,4.5,電影不錯，25年終於有了結局
尋秦記,5.0,"電影和劇集的差異必須在短時間呈現
看到項少龍一家
還有精彩動作加科技特效
沒有想過它是六年前拍攝的片
真的太棒了
當歌放出來時都不小心唱出來"
關鍵公敵,4.0,"很不一樣的手法呈現AI議題
選角很不錯，節奏緊湊，很有趣！
推一個！"
關鍵公敵,5.0,整部片融入AI司法審判題材 好看
關鍵公敵,5.0,天哪也太好看了吧，全新的題材 完全沒有冷場的劇情，原本以為只是坐在審判椅上面很無聊的一部片，沒想到從頭到尾沒有1分鐘冷場的 好片
關鍵公敵,5.0,"劇情真的是超乎想像，結局反轉再反轉
從頭到尾毫無冷場，還好有去電影院看"
關鍵公敵,4.0,還算不錯，但需要好的精神，節奏有點快，一個恍神就錯過不少資訊😅
關鍵公敵,4.5,"算是新穎的題材 AI主導的情節
節奏明快 沒有冷場的空間
是近期很不錯的作品"
關鍵公敵,5.0,好看新題材
關鍵公敵,4.5,真的蠻好看的，有些推理又看不太懂，要多刷一次可能會比較容易理解！推👍
關鍵公敵,4.5,非常好看
關鍵公敵,5.0,好看 故事簡潔有力
關鍵公敵,4.5,不錯
關鍵公敵,2.5,"原本不錯的提材，
可惜被拍得了無新意，
令人昏昏欲睡。"
關鍵公敵,4.5,"劇情還蠻緊湊，迂迴需要動腦
好奇的是，如果AI法官需要嫌疑犯自證無罪，那嫌疑犯是腦袋有問題的或是智能不足的怎麼辦？
演法官的女演員，偶爾會在不適切的時候露出微笑，這點比較不合理。
其它的還蠻刺激好看"
關鍵公敵,4.0,題材挺有趣的 可以發展續集
關鍵公敵,5.0,好看
關鍵公敵,5.0,超好看，節奏緊湊，結局出乎意料，期待有第二集，大推
關鍵公敵,3.0,覺得很普通！沒有評價說的那麼神！
關鍵公敵,5.0,真的非常好看的一部電影，是完完全全的無冷場，從電影開始第一秒審判就開始了，也沒有一堆回憶過去有的沒的沈悶的劇情，劇情推很快也一直反轉，完全猜不到觸發這件事情的人是誰，推薦大家進電影院看。
關鍵公敵,5.0,好看
關鍵公敵,5.0,少數的ai電影
關鍵公敵,4.5,好看，整體敘事節奏不拖泥帶水，結局也很滿意～難得最近出的一部好電影👍🏻可以重刷
關鍵公敵,4.0,超讚
關鍵公敵,5.0,"劇情緊湊，題材新穎。
動作戲較少，主要是可以深度討論的社會議題。"
關鍵公敵,3.5,推薦！
關鍵公敵,3.5,很棒
關鍵公敵,4.0,"過程很精采，但最終結局弱了點
今年過年個人覺得最好看的一部"
關鍵公敵,5.0,"精彩刺激、過程緊湊，
很適合久久上電影院時，
選擇的精彩好電影～
但難忘的是，
一些在過程中還要挖掘出不一定想看到的事情，
為自己辯護，
選到了好片在過年的時候看，
真是太開心啦～
感謝網友們的推推。"
關鍵公敵,4.5,好看耶 題才很特別
關鍵公敵,4.5,精彩，目不轉睛。
關鍵公敵,5.0,"影片值得反思真的很棒
但有幾個劇情未說清楚有待加強
力推各國的司法官都該來看這部片👍"
機動戰士鋼彈 閃光的哈薩威 喀耳刻的魔女,0.5,沒有意思了！不是熟悉的相關的 TV的人物。只有鋼彈還可以，表現太馬馬虎虎了。但是，劇情發展普通的，不足以前的鋼彈 W的劇場版，主題發展，表現人物關係，鋼彈戰鬥熱翻天的。
機動戰士鋼彈 閃光的哈薩威 喀耳刻的魔女,5.0,肯尼斯還是很帥
機動戰士鋼彈 閃光的哈薩威 喀耳刻的魔女,5.0,哈薩威需要看醫生
秒速5公分(導演特別映像版),5.0,秒速5公分再次重返大銀幕，情緒依舊安靜卻深刻。新海誠用細膩的畫面與時間距離，描寫那些沒說出口的喜歡與錯過。導演特別映像版讓情感層次更沉澱，每一次列車經過、櫻花飄落，都像提醒著成長的代價。有些人不是不愛了，只是再也走不到同一個速度。
秒速5公分(導演特別映像版),5.0,加上了導演特別映像，看完非常感動，好像真的身歷其境在電影中。秒速5公分真的是神作
秒速5公分(導演特別映像版),5.0,前陣子才上戲院看秒速5公分真人版，沒想到等到動畫版重映!必須好好回味qq
秒速5公分(導演特別映像版),5.0,神作回歸! 大銀幕就是要看爆!
秒速5公分(導演特別映像版),5.0,讚
秒速5公分(導演特別映像版),5.0,導演版確實很不一樣
秒速5公分(導演特別映像版),5.0,一定要看的吧？
秒速5公分(導演特別映像版),5.0,經典👍
秒速5公分(導演特別映像版),5.0,是一部屬於青春的電影
秒速5公分(導演特別映像版),5.0,真的是憂鬱美學的天花板！畫面美到每一秒都能當桌布，但劇情卻殘酷到讓人心碎。那種「即使互傳千封簡訊，心卻沒靠近一公分」的距離感，精準捕捉了初戀的遺憾。看完後，對著平交道真的會莫名發呆很久。
秒速5公分(導演特別映像版),5.0,值得一看
秒速5公分(導演特別映像版),5.0,推
秒速5公分(導演特別映像版),5.0,👍👍👍
秒速5公分(導演特別映像版),5.0,非常好看的電影，推薦一下
秒速5公分(導演特別映像版),5.0,👍
秒速5公分(導演特別映像版),5.0,☺️👍
秒速5公分(導演特別映像版),5.0,經典就是要在大螢幕上看
秒速5公分(導演特別映像版),5.0,很喜歡，感覺被療癒了。
秒速5公分(導演特別映像版),5.0,胃痛
秒速5公分(導演特別映像版),5.0,😄
四人行，不行,4.0,歐洲式幽默，不太一樣的韓國片
穿越地獄之門,0.5,"第一次留言 看完覺得很無言 想看的人請三思
可能是我慧根不夠"
穿越地獄之門,4.5,"平反一下 電影配樂是整部電影的靈魂
我自己很喜歡 建議不看任何簡介去看電影
劇情會從平凡瞬間的急轉直下
造成極大的情緒落差 是很新鮮的觀影體驗
整部電影如電影名一樣 貫穿整部電影
另外 演員幾乎都是素人
舉手投足間都充滿生命的歷程及故事
光看這些人物的眼神、肢體、自然的演技
就很充滿魅力了
可惜的是沒有針對人物背後交代更多
但也或許不必要 電影要探討的很深 是對生命的見解
亦或是對戰亂的警世
這是近期自己很愛的一部作品
給這部電影下一個定義 會是：
發人省思的末日公路電影！"
穿越地獄之門,1.0,音響好大聲，劇情好無聊
穿越地獄之門,4.5,前面有點小悶，但越後面越震撼人心，生命是如此脆弱如此短暫。
如月車站,5.0,很喜歡這種日本都市傳說怪談的故事!
如月車站,5.0,都市傳說題材，很值得進戲院觀賞
如月車站,5.0,之前有聽過這個都是傳說，拍成電影超可怕⋯⋯
如月車站,5.0,再看一次👍
如月車站,5.0,驚恐，驚恐～
如月車站,5.0,😄
如月車站,5.0,再看一次還是很刺激，同個地方被嚇兩次...
如月車站,5.0,大銀幕看的效果還不錯。
如月車站,5.0,👍
如月車站,5.0,👍👍👍
如月車站,5.0,這部把經典都市傳說拍得很像「第一人稱恐怖遊戲」，代入感超強！雖然特效稍嫌陽春，但那種逃不掉的絕望感和結尾的小惡意，還是很有誠意。
如月車站,5.0,值得一看
如月車站,5.0,讚👍
如月車站,5.0,找人一起看。一起被嚇。
如月車站,5.0,讚
如月車站,5.0,很好看，很恐怖
女孩不平凡,5.0,是一個跨越台港澳三地的成長故事～幾位主角都很漂亮演技也真摯動人，有華語影壇新一代女神的潛力～
女孩不平凡,5.0,很舒服的一部類自傳電影
劇場版『鏈鋸人 蕾潔篇』,5.0,換了導演的鏈鋸人才是真的鏈鋸人
劇場版『鏈鋸人 蕾潔篇』,4.5,"大概知道鏈鋸人的故事在講什麼，但沒看過動畫，被op和ed燒到所以跑來看劇場版！
整體來說很喜歡，打戲和感情戲都有到位，考慮去二刷"
劇場版『鏈鋸人 蕾潔篇』,4.0,還不錯，有瑟瑟的畫面，哈哈
劇場版『鏈鋸人 蕾潔篇』,5.0,"看完久久不能自己，歌好聽、電影好看。
把青春的平鋪直述的寫意、還有充滿悖論的色彩感。
真的好愛好愛，我在寫什麼鬼😂
就是⋯⋯太好看啦～
愛死每個爆破與激情
也很愛最後的落寞與悲涼"
劇場版『鏈鋸人 蕾潔篇』,5.0,強烈推薦一定要進戲院大螢幕觀賞，文戲鋪陳帶入感很強烈，拍的唯美又有藝術感，動作戲更是瘋狂炸裂，好幾幕都挺震撼但又不會太超過，結合各種動作，蕾潔的砰！爆炸完全看不膩，純粹戰鬥爽到爆，本來看漫畫覺得還好，拍成電影後直接起飛，MAPPA真的是神！
劇場版『鏈鋸人 蕾潔篇』,5.0,"有始有終
前面甜甜曖昧氛圍
中後段戰鬥場面連發
非常好看！大推"
劇場版『鏈鋸人 蕾潔篇』,5.0,好看
劇場版『鏈鋸人 蕾潔篇』,5.0,超過癮的爽片
劇場版『鏈鋸人 蕾潔篇』,5.0,精彩好看，看完心真的被蕾潔奪走了🥹
劇場版『鏈鋸人 蕾潔篇』,5.0,"明明知道你在騙我 但是你教我的都是真的 已暈 🫠
OP ED 很棒 打戲更不用說
三個願望一次滿足 還不去戲院支持？"
劇場版『鏈鋸人 蕾潔篇』,5.0,看午夜場。打鬥粉熱血。有劇情。有感動。有刺激。好看
劇場版『鏈鋸人 蕾潔篇』,5.0,前面夏日戀愛氛圍的鋪程，後面大膽瘋狂的打鬥反轉，讓人看了很爽、很滿足！
劇場版『鏈鋸人 蕾潔篇』,4.0,浪漫死 不否認藤本樹又要再挖一次大家的錢包 但終於有個人想要電次的心真是感動
劇場版『鏈鋸人 蕾潔篇』,4.5,我的心已經被蕾潔奪走了
劇場版『鏈鋸人 蕾潔篇』,4.5,前面敘述蠻平順的，突然親下去後面節奏一轉打鬥緊湊好看 愛上 蕾潔與炸彈惡魔了
劇場版『鏈鋸人 蕾潔篇』,5.0,很可以
劇場版『鏈鋸人 蕾潔篇』,5.0,真的很棒
劇場版『鏈鋸人 蕾潔篇』,5.0,蕾潔…❤️
劇場版『鏈鋸人 蕾潔篇』,5.0,這次劇場版比2022年的動畫好很多，但我最喜歡的是整部電影的音樂，有米津玄師自編、自唱的片頭曲＋片尾曲（片尾找了宇多田光一起唱，超好聽），還有整部戲的配樂、音效都很棒。
劇場版『鏈鋸人 蕾潔篇』,5.0,真的需要大螢幕看！！！已經三刷還四刷忘記了，節奏與風格非常爽快，文戲打戲都不落俗套，Mappa跟導演都超級神，OPED攜手米津玄師跟宇多田光兩大重磅，片內音效是牛尾憲輔，隱藏版音樂惡魔！！！OST在YT上已經有了，超級喜歡的
劇場版『鏈鋸人 蕾潔篇』,5.0,見不到最後一面 可憐的雷潔
劇場版『鏈鋸人 蕾潔篇』,5.0,絕對值得進電影院看的
劇場版『鏈鋸人 蕾潔篇』,4.5,音樂和打鬥的場面配的很夠味，最後留下一陣感傷
劇場版『鏈鋸人 蕾潔篇』,4.5,「其實...我也沒上過學...」然後就淚崩了...
劇場版『鏈鋸人 蕾潔篇』,5.0,超愛超甜
劇場版『鏈鋸人 蕾潔篇』,4.5,結合藝術與武打的精彩動畫
劇場版『鏈鋸人 蕾潔篇』,4.5,超級好看，推爆🤘
劇場版『鏈鋸人 蕾潔篇』,4.5,超好看
劇場版『鏈鋸人 蕾潔篇』,5.0,超過一百分
劇場版『鏈鋸人 蕾潔篇』,5.0,好看
世外,5.0,"看電影這麼久，第一次在這裡留下評論。這部作品深深感動我，也讓我明白原來一切都是因緣和合。
而能夠以一個普通人的身份活著，是千年修來的功德。
是一部值得進電影院觀賞的好電影，謝謝🙏"
世外,5.0,千年輪迴，仍信守最初的承諾～蠻感人的. 視覺也美，不愧是得金馬獎之作！
世外,5.0,好看，感動
世外,5.0,得獎實至名歸！
世外,5.0,原作我有，放在供桌上！原作是神，電影沒讓我失望！
世外,5.0,很好看
世外,5.0,淺顯易懂，且抽象俱體化（用隱喻包裝殘局，繩結有其它含意非古人的計數......），祂的“真”才有後續的層層堆疊。
世外,5.0,"看到一直哭😭
很好看
喜歡小鬼和黑天"
他們要殺你,4.5,"非常別出心裁的劇情，武打打好打滿
剩下的心得怕雷到大家，歡迎大家自己發掘"
他們要殺你,5.0,殺不死身體。殺滿地剛好
他們要殺你,5.0,"很特別的題材
幽默武打驚悚片
喜歡女主角的演技💖
結局很棒👍值得一看"
他們要殺你,3.5,不比追杀比尔差时问又刚好不长可看。
他們要殺你,3.0,算是部帶有惡趣味的驚悚動作片..吧！可能期待過高，表現不如預期。主創群是不是鬼滅跟追殺比爾的粉絲啊😆
他們要殺你,5.0,很好看！！
他們要殺你,0.5,不知道在演什麼東西 難看
他們要殺你,0.5,劇情爛透了，不知道看了什麼
他們要殺你,5.0,好多血
他們要殺你,5.0,追殺度完全💯不輸「追殺比爾」，且充滿創意與驚喜，女主角正度直追年輕版版的「荷莉貝瑞」。絕對算是本週爽片首選。推～
門對門移動書店,5.0,溫馨真得很好看！片中的書店竟然真實存在，就是座落於德國西部邊境城市亞琛，一個深耕閱讀文化50年、四度榮獲「德國年度書店獎」的傳奇書店「Backhaus」。這裡真的有一位送書人，每天揹著沉重的背包，把讀者訂購的書親手送到家門口，成為當地人生活中最溫暖的風景。書店全盛時期，聲名擴及全德國，一年舉辦多達70場講座，不少重量級作家與未來的諾貝爾文學獎得主都曾在此分享作品。
門對門移動書店,5.0,"好看很可愛及小感動感傷很喜歡
及送書人和小女孩的故事
及收書人的故事"
跳躍吧！時空少女(全新4K修復版),5.0,一直很想看這部，終於有機會了
跳躍吧！時空少女(全新4K修復版),5.0,跳躍吧！時空少女不是關於改變世界，而是學會面對選擇。每一次跳躍，都換來更深的失去與成長。多年後再看，青春的悸動依舊真實，時間不會等人，但回憶會。
跳躍吧！時空少女(全新4K修復版),5.0,經典回歸❗️懷念以前的細田守
跳躍吧！時空少女(全新4K修復版),5.0,在電影院裡聽到那段經典對白.. 好感動😭
跳躍吧！時空少女(全新4K修復版),5.0,😄
跳躍吧！時空少女(全新4K修復版),5.0,"經典之作, 肯定要買票進戲院支持的"
跳躍吧！時空少女(全新4K修復版),5.0,題材很特別的日動畫電影，值得欣賞一下。
跳躍吧！時空少女(全新4K修復版),5.0,期待的未來，滿滿驚奇
跳躍吧！時空少女(全新4K修復版),5.0,還能看到4k修復版本，真是人生一大幸福，套票也非常值得買
跳躍吧！時空少女(全新4K修復版),5.0,細田守經典之作!
跳躍吧！時空少女(全新4K修復版),5.0,我在未來等你🥹🫶🏻
跳躍吧！時空少女(全新4K修復版),4.5,值得一看，學長啊啊啊😭
跳躍吧！時空少女(全新4K修復版),5.0,這部真的經典！原本以為是熱血的超能力冒險，沒想到最後被那種「青春一去不回」的酸甜感重擊。劇情後勁超強，特別是千昭那句「我在未來等你」，直接讓人淚崩。看完會深刻體會到，有些瞬間錯過了就真的回不去，超推！
跳躍吧！時空少女(全新4K修復版),4.5,推
跳躍吧！時空少女(全新4K修復版),5.0,值得一看
跳躍吧！時空少女(全新4K修復版),5.0,能夠看到4DX版的這部經典動畫電影真是太好了。
跳躍吧！時空少女(全新4K修復版),5.0,👍👍👍
跳躍吧！時空少女(全新4K修復版),5.0,"細田守導演的作品 不管是劇情還是畫風都好喜歡!
而且也能從裡面得到一些啟發~好喜歡這部"
跳躍吧！時空少女(全新4K修復版),5.0,真的很經典👍
跳躍吧！時空少女(全新4K修復版),5.0,讚👍
跳躍吧！時空少女(全新4K修復版),5.0,看了會流淚的喲～
跳躍吧！時空少女(全新4K修復版),5.0,讚
王命之徒,5.0,超好看 不知道朴志訓演技這麼好🥺
王命之徒,5.0,"應該是去年+今年最好看的韓國電影了
感動、好笑、歷史、演技，就連場景也不馬虎耶
，韓國大賣正常發揮而已，期待台灣有更多更多的口碑出來"
王命之徒,5.0,很有興趣看起來很精彩！
王命之徒,5.0,"柳海真的哭戲真的超強! 想忍住不哭都沒辦法... 而且劇本將兩人之間的情誼, 還有劇情的鋪排都非常流順"
王命之徒,5.0,好哭得不得了
王命之徒,5.0,👍👍
王命之徒,5.0,"以古代被迫讓位的君王流放地為故事背景 我覺得滿新鮮的!
看完電影和朋友一起入坑 朴志訓~真的是又帥又會演戲耶,眼神從一開始憂傷轉換成憤慨都很道位，不愧是童星出身!而且笑起來也好帥>///<
柳海真的演技就更不用說了! 電影裡偶爾也浮誇的好笑XDD 和退位君王之間的情誼也相當動容! 難怪韓國評價那麼高 推推大家去看~"
王命之徒,4.0,"不用管電影的真實度到底是什麼了
直接進戲院去看吧，除了開頭無聊點，中後段之後就精采了
只是畢竟結局還是不能跳脫歷史"
王命之徒,5.0,真的超級催淚！ 劇情描述朝鮮流放王的悲劇史詩，節奏抓得很緊，角色情感厚實，特別是後半段的情感爆發，讓人哭到停不下來，完全是近期必看的韓影佳作！
王命之徒,5.0,超級感人😭柳海真跟美都果然值得信任
王命之徒,5.0,"真誠永遠能打動人心
不是讓人激動的流淚
是默默的靜靜地被感動"
王命之徒,5.0,這部韓國史實佳作，看柳海真與朴志訓從戒備到交心。劇情先幽默後催淚，情感細膩、後勁極強，是部讓人淚灑戲院的必看暖心之作。
王命之徒,5.0,前面覺得那位村長很好笑，原本看不太懂，最後有人幫我講解我才看懂，覺得真的還不錯看👍
王命之徒,5.0,"最後當村長大聲悲痛嘶吼，我的眼淚也不自主地流下來。
弱懦的流放君王面對老虎突然像變了一個人似的大喊，震攝了我。原來他不是弱，他也有君主的氣勢，只是他太善良。
以上是讓我看完電影還一直回想的兩幕。"
王命之徒,4.5,推
王命之徒,5.0,值得一看
王命之徒,5.0,如果不是柳海真精彩的演技，這部電影一定會遜色很多。
王命之徒,4.5,😭😭😭
王命之徒,5.0,👍👍👍
王命之徒,5.0,柳海真演技太精彩👍
王命之徒,5.0,讚👍
王命之徒,5.0,哭著出來啊qq
王命之徒,5.0,明明已經知道結局，都做好心理準備了還是沒能忍住不哭QQ 超好看...
王命之徒,5.0,😄
王命之徒,5.0,非常感人，賺人熱淚，大推
王命之徒,4.5,還蠻好看的
王命之徒,5.0,好看，有笑有淚，一流演技。
王命之徒,5.0,王命之徒不是靠煽情取勝，而是用極度克制的情感慢慢逼近你。權力被剝奪後留下的是孤獨與尊嚴，角色之間的陪伴比台詞更有力量。看完沒有立刻哭，但那股沉重會在心裡停很久，是後勁很強的電影。
王命之徒,5.0,感人至深，哭到不行啊
王命之徒,0.5,沒有哭黔，不感人。
空之境界劇場版：第六章 忘卻錄音,5.0,第六章了，從頭看了好幾遍，大推
空之境界劇場版：第六章 忘卻錄音,5.0,空之境界劇場版：第六章 忘卻錄音一反系列的陰鬱厚重，轉為輕快的校園推理篇章。以黑桐鮮花為主角，傲嬌與成長並行，和兩儀式的對手戲充滿青春火花。氛圍輕盈卻不失詭譎，是系列中難得可愛又耐看的異色之作。
空之境界劇場版：第六章 忘卻錄音,5.0,真的很喜歡鮮花，這集很特別很好看
空之境界劇場版：第六章 忘卻錄音,5.0,鮮花戰力超強的一集
空之境界劇場版：第六章 忘卻錄音,5.0,"鮮花當主角了! 她真的傲嬌的很可愛耶~
特典海報也好棒! 期待下集"
空之境界劇場版：第六章 忘卻錄音,5.0,實在超愛，二刷，必要的
空之境界劇場版：第六章 忘卻錄音,5.0,😄
空之境界劇場版：第六章 忘卻錄音,5.0,看完真的有點燒腦，氛圍壓抑又詭異，劇情慢慢推進卻讓人緊張到不敢鬆懈，最後收尾帶點餘韻，讓人心裡毛毛的。
空之境界劇場版：第六章 忘卻錄音,5.0,很不一樣👍
空之境界劇場版：第六章 忘卻錄音,5.0,值得一看
空之境界劇場版：第六章 忘卻錄音,5.0,推！！！
空之境界劇場版：第六章 忘卻錄音,5.0,👍👍👍
空之境界劇場版：第六章 忘卻錄音,4.5,👍
空之境界劇場版：第六章 忘卻錄音,5.0,讚
空之境界劇場版：第六章 忘卻錄音,5.0,鮮花!!!
空之境界劇場版：第六章 忘卻錄音,5.0,👍
星光王子 Your Endless Call! 一起閃耀！Prism☆Tours,5.0,"非常享受的一部作品，只要認識任何一代星光系列的粉絲必看
已經準備多刷了"
送葬人2,1.0,既沒有感人肺腑，也沒有恐怖情節。
送葬人2,0.5,想睡
送葬人2,5.0,這集後勁超強！原本以為只是來搞笑的，結果後半段直接哭爛。電影把「告別」拍得很真實，笑點與淚點切換得神準。雖然有些角色戲份不多，但那種對親情與遺憾的描寫非常入心，看完會更想珍惜身邊的人。
送葬人2,5.0,值得一看
送葬人2,5.0,好看好笑又有點悲傷，看看不同文化對死亡的解讀跟接受，對死去的親人的思念，真的看著這部有著淡淡的哀傷與無奈，不完全是恐佈片，蠻好看的
送葬人2,4.5,推
送葬人2,5.0,👍👍👍
送葬人2,5.0,笑中帶淚，挺感人的
送葬人2,5.0,非常好看，推薦。
送葬人2,5.0,👍
送葬人2,5.0,不錯好看
送葬人2,5.0,嚴肅的主題，但可以笑得很甜。^o^
送葬人2,5.0,第二集更好笑
送葬人2,5.0,我覺得第二集更打動我🥹阿嬤劇情殺我實在忍不住 推推
送葬人2,5.0,又好笑又好哭
送葬人2,5.0,😄
送葬人2,5.0,好看👍
送葬人2,5.0,送葬人2在延續首集幽默節奏下，加入更濃厚的情感層次，笑點自然不刻意，卻能在關鍵時刻直擊人心。角色關係更立體，生死議題被包裝得溫柔又真誠，是一部能讓人笑著進場、紅著眼眶離開的續集佳作。
送葬人2,5.0,第2集更令人傷感
送葬人2,1.0,像寫實當地文化的紀錄片，今年度第一次看到這麼難看的電影
送葬人2,2.0,從頭到尾會很想睡覺的劇情！
送葬人2,0.5,真的還好
送葬人2,5.0,比第一集更好哭😭而且主題曲超好聽
送葬人2,5.0,讚
送葬人2,5.0,笑中帶淚的恐怖片 有看第一集千萬不要錯過!
送葬人2,5.0,第一集因為很好看，再次去看了第二集，覺得很厲害，比第一集更好看了。有笑有淚，值回票價
總統的蛋糕,5.0,從一個市井小民的眼睛，看伊拉克這個國家～主角小孩們的視角和大人不同，全篇沒有沈重的控訴，但可以看出窮困與不義～
淵的信件,4.5,把暖心的漫畫變成電影，推
冠軍之路,5.0,看到片中幾位旅外球員在國外發展及私底下的辛酸，真心覺得他們旅外也是希望爭取到好成績，證明自己的實力，讓台灣發光發熱，12強我們終於奪得世界冠軍，但球迷該省思的，球員的努力，我們都該繼續支持下去，相信他們，多去球場支持心愛的球隊球員，一起Team Taiwan 。
冠軍之路,5.0,"這是一部已經知道結局但處處驚喜的紀錄片，可以看到這些球員養成之路上的辛苦和努力，也能看見球員、教練、情蒐團隊間是怎樣配合，我喜歡球員分享上場前決定怎麼和對方打者或投手的決策過程，原來球員是這樣思考的，絕對不是什麼球來就打這種盲目路數，鬥智和放手一搏的自信和拚勁真的很迷人。
野球/棒球真的是最能凝聚國人團結心的一項運動，不管是堅持稱呼我們是Team Taiwan還是中華隊，我們就是同一隊、這就是我們的國家隊。
台灣人現在最迫切應該面對的，也是國家認同的釐清，你是要選擇當一個堅持不懈的勇敢台灣人，還是要當投降派、淪為永世只能跪著站不起來的中國奴呢？"
冠軍之路,4.5,不看棒球的可以跳過，但，有看棒球的人一定要看！看到好多人偷偷擦眼淚，真的很感動！
冠軍之路,4.5,張奕不放棄的精神令人感動，祝福你，棒球生涯繼續精彩發光。
冠軍之路,5.0,勵志、感動，好看！
冠軍之路,5.0,很好看，滿滿的感動，配樂太強了！
冠軍之路,5.0,超熱血～超好看🏆☺️👍
冠軍之路,4.5,完整記錄十二強過程和球員心聲的紀錄片，戲劇性的過程和結局，是背後無數團隊情蒐和球員經挫敗後仍努力奉獻的成果，從片頭氣氛和配樂的營造就已經讓觀影者感受的熱血沸騰，片中串聯了各場賽事、團隊精華與訪談毫無冷場，曾經親臨賽事現場的自己也彷如重新回到十二強現場重拾對於Team Taiwan的感動！
冠軍之路,5.0,有感動也有很好笑的地方
冠軍之路,5.0,"不管是音效或是剪輯,每個瞬間的編排都很能帶觀眾 進入這條冠軍之路,能感同身受當下的氛圍,更深入認識那些選手"
冠軍之路,4.5,"1/1上映帶著打球的小朋友一起觀影，
看完後他們都好想練球，
中間看著看著就感動了，黃恩賜的笑點，
根本是勵志片傑憲和張奕講述心路歷程……
其實打球過程中如同人生的縮影
每個play都是新的開始、每年都有新的賽季，
哭著哭著就笑了，享受體驗當下
很開心有生之年經歷此次賽程
2025樂天桃猿拿冠軍的過程也很激勵球迷
但拍出來可能只有猿迷會看吧！"
冠軍之路,4.5,非常感人的奮鬥過程，拿到世界冠軍不是偶然，是所有團隊努力的成果，幕後人員也功不可沒，這個冠軍是台灣所有人的冠軍，影片值得一看再看👍
冠軍之路,5.0,真的不是單純講比賽，把很多選手的心路歷程都挖出來了。很值得看！
冠軍之路,5.0,好看
冠軍之路,5.0,非常熱血感動的電影臺灣棒球奪下世界12強冠軍的過程都描素的很清楚太棒了
冠軍之路,5.0,"很高興這部紀錄片關注在選手教練、整個團隊人員背後的故事，而非只是賽場上的表現。
是一部資深棒球迷、一日球迷都能享受其中的電影。感人、好笑、振奮人心，是必看的一部好作！"
冠軍之路,5.0,進電影院前，一定要備妥衛生紙！很感人，很好哭 🥰
冠軍之路,5.0,"沒看過的劇情處處驚喜，感動有、歡笑有！
整場熱血沸騰，一直回顧了當初看電視比賽時的感動，超讚讚讚！"
冠軍之路,5.0,推爆！這條艱辛的冠軍之路，大家一起見證，未來不管怎麼樣，都要繼續支持！！！
冠軍之路,5.0,這是一趟奇幻的旅程，謝謝你，我的中華隊
冠軍之路,5.0,再感動一次，尤其是後面主題曲一下，雞皮疙瘩啊！
冠軍之路,5.0,不追棒球的我也看到很感動～台灣人都必看進去支持的一部紀錄片
冠軍之路,5.0,"超超超級好看
從頭到尾都很催淚 （除了恩賜的笑點🤣）
非應援場…但看完全場還一起鼓掌👏
棒球迷必看👍"
冠軍之路,5.0,很棒的紀錄片👍
冠軍之路,5.0,"非常好看
不懂棒球的人也能看完全場
情緒價值滿滿"
冠軍之路,5.0,很勵志感人，超級好看
冠軍之路,4.5,只要是台灣人都該要看過
冠軍之路,5.0,"一定要去看！！！
很感動~🥹"
冠軍之路,4.5,坐在電影院，還沒開始播就想哭了。推推!!
冠軍之路,4.5,必看
情感的價值,5.0,厲害的觀影人才會想看的好電影，後韻極強
情感的價值,4.5,情感真摯，由大至小連結了歷史及家庭創傷
情感的價值,5.0,四刷（待續刷）整部電影實現導演所說的──Tenderness is the new punk.
情感的價值,5.0,很有意思後韻極強的一部優質電影
情感的價值,1.5,藝術片控最愛的電影
情感的價值,5.0,細膩手法層層堆疊，但又太過隱晦，可能導致能看懂的人不多，曲高和寡
情感的價值,5.0,"近年難得的好片！
情感層次飽滿
演員演出平實卻深邃
看不懂的留言會寫無言聊，我們只能面帶微笑。
就像，怎會期望館長會看得懂藝術片…"
情感的價值,5.0,好看
情感的價值,2.0,好無聊，悶
情感的價值,1.5,簡單的故事，複雜而冗長的敘事手法，真不知道那些高分評價是怎麼來的？🥱🥱🥱
山羊巔峰,5.0,"因為今天是慶祝情人節快樂的時候來臨，就決定放春節旅連假過去欣賞動畫片來輕鬆舒壓最適合。👍🤑
祝福大家恭喜發財萬事如意！🧨🧧"
山羊巔峰,0.5,"搬運IMDB1星評論
首先，這完全是老派的成功故事，我們已經看過無數遍了，劇情毫無新意。
其次，整部電影節奏很快，畫面炫目，讓人目不暇接，簡直讓人喘不過氣來。
第三，植入廣告太多了：安德瑪、賓士——真的，到處都是。我可不想花錢買電影票就為了看廣告。當然，最好的車是賓士，最好的運動鞋是安德瑪，等等。
此外，角色塑造也很失敗，沒有一個真正好笑的笑話。
最後，動畫畫面卡頓，幀率只有19-20幀，感覺畫面延遲嚴重。我不明白為什麼會這樣。
所以，我只能給它一顆星。
大人想看感覺可以略過只是蜥蜴很紅而已"
山羊巔峰,4.0,"這卡通就是要給小朋友看的
一大人的眼光都會覺得劇情有點草率
不過娛樂感十足節奏有點快，就是了"
山羊巔峰,5.0,保持一貫的SONY動畫風格，挺催淚的，「dream Big」這句貫徹整部片，是我除了動物方城市2之外可以一刷在刷的電影
山羊巔峰,3.5,有人看到哭
山羊巔峰,4.5,利用春假期間帶著家人一同欣賞，如同預期的舒壓放鬆，很容易猜測的劇情走向，簡單來說，就是圖一個愉快心情！ 很適合全家大小一起觀賞！
山羊巔峰,3.5,節奏很快 我看的很認真但是因為節奏太快了情緒跟不上 優點跟缺點剛好一體兩面 美術跟角色設計都很不錯
山羊巔峰,5.0,神作
山羊巔峰,0.5,陳腔濫調
山羊巔峰,2.5,"衝著獵魔女團製造團隊去看的
結果一般，沒有亮點"
山羊巔峰,4.0,轉折稍稍硬點，然後偶爾跟不上節奏，整體還不錯看！如果英語能力好，對籃球跟饒舌也熟悉的話，應該會更投入會得到更多趣味！
山羊巔峰,5.0,說不好的人都有問題
劇場版 我內心的糟糕念頭,5.0,甜到爆
劇場版 我內心的糟糕念頭,4.5,第一次看此部，我覺得蠻喜歡的
劇場版 我內心的糟糕念頭,5.0,好甜啊，記得戴墨鏡去看😏
劇場版 我內心的糟糕念頭,5.0,請問中部現在有機會看得到嗎？
劇場版 我內心的糟糕念頭,5.0,總篇集加新增約10分鐘的全糖新畫面
劇場版 我內心的糟糕念頭,4.5,"原本想說是接續第二季後續的劇情，沒想到是總集篇
但還是不錯看，歌也蠻好聽"
夜王,4.0,雖然尾段的反轉不難猜，但整體還不錯看！去年看了破地獄後，有黃子華出演的職人劇都蠻想看看的！
夜王,5.0,夜王好看！雖然不知道是哪些劇情有被刪掉，好久沒看到鄭秀文的電影了，加上黃子華和王丹妮，非常好看！有好笑也有感人！
夜王,5.0,"就算是聽不懂廣東話也可以笑翻！
分三段部分，前面的戲分分都搞笑，中段開始轉折，尾段開始嚴肅處理問題，節奏明快不拖戲也不刻意勒索觀眾情緒！"
夜王,4.5,"有刪減過, 有些中國那邊有的片段這邊沒有, 不喜歡這樣."
夜王,5.0,港式幽默太好笑了，中間還看到掉眼淚，太好看了
夜王,5.0,超級好看，沒有冷場，男主角重情，超級會做人
夜王,5.0,超好看，鄭秀文演媽媽桑跟男主角一起渡過難關，設了一個騙局，贏回一億元👍
夜王,4.5,"真的好看
有一種革命的情感 讚"
夜王,5.0,好看
夜王,4.5,今天2刷電影。非常欣賞男主角歡哥為人重情重義。
夜王,2.5,少掉的片段不少噢
我獨自蜜月,5.0,雖然是我獨自去看，但意外的好看，拒絕我的朋友永遠不知道自己錯過了什麼
我獨自蜜月,5.0,我獨自蜜月用極其日常的細節，拍出了失戀後的空洞與自我修復。沒有刻意煽情，卻讓人一幕幕對號入座。孤單、遺憾、放不下，都被溫柔保留下來，很適合在情緒低潮時，一個人靜靜看完，然後慢慢和自己和解。
我獨自蜜月,5.0,看完都想去義大利了啦><
我獨自蜜月,5.0,協力車那段笑到不行! 慘的超好笑!
我獨自蜜月,5.0,非常讓人感應入境，可以靜靜跟自己內心對話
我獨自蜜月,5.0,"這部片真的很有意思，
讓人覺得男主角又可憐又好笑"
我獨自蜜月,5.0,結局還有翻轉！很久沒看到這種輕鬆的愛情喜劇了 女主角好漂亮
我獨自蜜月,4.0,看預告就知道演什麼，不過地點在義大利，看著美麗的風景，漂亮的人，整個就一個浪漫
我獨自蜜月,5.0,我也想去這樣的地方旅行🫠
我獨自蜜月,5.0,讚👍
我獨自蜜月,5.0,很棒的一部電影！
我獨自蜜月,2.5,"很中規中矩的治癒片 可能我不是受眾吧 只能給到5/10
不過最後的反轉有小亮點"
我獨自蜜月,4.5,滿喜歡的一部浪漫小品
我獨自蜜月,5.0,超好看的，很推薦
我獨自蜜月,5.0,好看又好笑，最後結局有嚇到，整部片有被溫暖到，非常值得一看
我獨自蜜月,5.0,值得一看
我獨自蜜月,5.0,"這真的是
我收過最棒的分手信了
Ya～"
我獨自蜜月,5.0,有趣好看
我獨自蜜月,5.0,👍👍👍
我獨自蜜月,5.0,好看，大推
我獨自蜜月,4.5,推
我獨自蜜月,5.0,👍👍👍
我獨自蜜月,5.0,超級療癒! 想去義大利玩了
我獨自蜜月,4.5,👍
我獨自蜜月,4.5,"後面的反轉真的讓我蠻意外的
好看 看完了心裡暖暖的"
我獨自蜜月,5.0,😄
我獨自蜜月,5.0,這部片真的笑中帶淚！看凱文·詹姆斯在義大利「獨自放閃」超荒謬，雖然被悔婚很慘，但看他在美景中慢慢找回自己，反而變得很療癒。劇情輕鬆不燒腦，看完會讓人覺得：就算一個人出國，其實也能玩得超精彩！
我獨自蜜月,5.0,👍
我獨自蜜月,5.0,有趣👍
再見了，可魯(數位經典重映),5.0,我有看過香港的再見了，可魯（數位經典重映) ! 我覺得這部電影好好看喔！我覺得這個黃金小狗特別可愛，我好喜歡喔！我覺得這部電影適合大小朋友看的電影喔！🐶🐶🐶🐶🐶！我一定會去看這部電影喔！我雖然很喜歡養一隻小狗！我家不能養小狗！我希望我養一隻小狗，每天陪他睡覺喔！我希望養一隻小狗每天餵他吃飼料和喝水喔！
